no_augment:epoch,no_augment:gpu_mem,no_augment:train_giou_loss,no_augment:train_obj_loss,no_augment:train_cls_loss,no_augment:total,no_augment:targets,no_augment:size,no_augment:precision,no_augment:recall,no_augment:map:0.5,no_augment:F1,no_augment:val_giou_loss,no_augment:val_obj_loss,no_augment:val_cls_loss,augment1:epoch,augment1:gpu_mem,augment1:train_giou_loss,augment1:train_obj_loss,augment1:train_cls_loss,augment1:total,augment1:targets,augment1:size,augment1:precision,augment1:recall,augment1:map:0.5,augment1:F1,augment1:val_giou_loss,augment1:val_obj_loss,augment1:val_cls_loss,augment2:epoch,augment2:gpu_mem,augment2:train_giou_loss,augment2:train_obj_loss,augment2:train_cls_loss,augment2:total,augment2:targets,augment2:size,augment2:,augment2:recall,augment2:map:0.5,augment2:F1,augment2:_giou_loss,augment2:val_obj_loss,augment2:val_cls_loss,augment3:epoch,augment3:gpu_mem,augment3:train_giou_loss,augment3:train_obj_loss,augment3:train_cls_loss,augment3:total,augment3:targets,augment3:size,augment3:precision,augment3:recall,augment3:map:0.5,augment3:F1,augment3:val_giou_loss,augment3:val_obj_loss,augment3:val_cls_loss,"augment(3,4):epoch","augment(3,4):gpu_mem","augment(3,4):train_giou_loss","augment(3,4):train_obj_loss","augment(3,4):train_cls_loss","augment(3,4):total","augment(3,4):targets","augment(3,4):size","augment(3,4):precision","augment(3,4):recall","augment(3,4):map:0.5","augment(3,4):F1","augment(3,4):val_giou_loss","augment(3,4):val_obj_loss","augment(3,4):val_cls_loss","(3,5)_with_base_transfer:epoch","(3,5)_with_base_transfer:gpu_mem","(3,5)_with_base_transfer:train_giou_loss","(3,5)_with_base_transfer:train_obj_loss","(3,5)_with_base_transfer:train_cls_loss","(3,5)_with_base_transfer:total","(3,5)_with_base_transfer:targets","(3,5)_with_base_transfer:size","(3,5)_with_base_transfer:precision","(3,5)_with_base_transfer:recall","(3,5)_with_base_transfer:map:0.5","(3,5)_with_base_transfer:F1","(3,5)_with_base_transfer:val_giou_loss","(3,5)_with_base_transfer:val_obj_loss","(3,5)_with_base_transfer:val_cls_loss"
0/149,4.28G,5.91,4.64,3.09,13.6,271,352,0.0397,0.0727,0.0231,0.0461,5.3,4.63,2.52,0/199,6.43G,6.56,4.17,3.11,13.8,493,352,0.0413,0.0689,0.024,0.0428,6.11,5.64,3.09,0/199,4.3G,5.29,3.56,2.61,11.5,536,352,0.199,0.0915,0.0412,0.0661,4.42,3.33,2.06,0/199,4.3G,4.96,2.69,2.48,10.1,381,352,0.205,0.0768,0.0411,0.069,4.67,3.8,2.18,0/14,1.67G,4.06,3.67,2.02,9.74,777,352,0.228,0.0627,0.0382,0.056,3.77,3.43,1.9,0/149,4.28G,5.91,4.64,3.09,13.6,271,352,0.0397,0.0727,0.0231,0.0461,5.3,4.63,2.52
1/149,4.32G,4.64,2.31,2.16,9.12,266,352,0.116,0.0928,0.0521,0.0696,5.14,3.41,2.14,1/199,6.43G,5.55,2.31,2.33,10.2,199,352,0.117,0.1,0.0621,0.0854,4.88,3.15,2.15,1/199,4.31G,4.51,1.84,1.85,8.19,406,352,0.147,0.0774,0.0557,0.0946,4.23,3.04,1.99,1/199,4.31G,4.02,1.44,1.8,7.25,141,352,0.102,0.0669,0.0497,0.0806,4.41,3.13,2.06,14-Jan,3G,3.3,1.91,1.46,6.66,1.56E+03,352,0.174,0.0893,0.072,0.0997,3.2,2.77,1.68,1/149,4.32G,4.64,2.31,2.16,9.12,266,352,0.116,0.0928,0.0521,0.0696,5.14,3.41,2.14
2/149,4.32G,4.42,1.89,1.86,8.17,143,352,0.0787,0.0792,0.0303,0.0743,5.12,2.99,2.08,2/199,6.44G,4.4,1.86,1.93,8.19,366,352,0.141,0.0876,0.067,0.0967,5.06,2.96,2,2/199,4.31G,3.94,1.53,1.69,7.17,464,352,0.32,0.123,0.0882,0.127,3.91,2.4,1.78,2/199,4.31G,3.88,1.18,1.69,6.75,271,352,0.144,0.0564,0.0604,0.0783,4.4,2.82,2.11,14-Feb,3G,2.96,1.45,1.29,5.69,745,352,0.146,0.119,0.0883,0.129,2.95,2.46,1.56,2/149,4.32G,4.42,1.89,1.86,8.17,143,352,0.0787,0.0792,0.0303,0.0743,5.12,2.99,2.08
3/149,4.32G,4.28,1.67,1.75,7.69,255,352,0.0951,0.0987,0.0523,0.0958,4.33,2.72,1.94,3/199,6.44G,4.54,1.63,1.84,8.02,476,352,0.198,0.112,0.0853,0.124,5.11,2.72,2.81,3/199,4.31G,3.56,1.34,1.49,6.39,487,352,0.236,0.144,0.124,0.167,3.94,2.33,1.57,3/199,4.31G,3.8,1.09,1.63,6.51,179,352,0.237,0.0879,0.0751,0.104,4.05,2.81,2.16,14-Mar,3G,2.61,1.21,1.08,4.91,1.04E+03,352,0.178,0.135,0.112,0.15,3.11,2.4,1.46,3/149,4.32G,4.28,1.67,1.75,7.69,255,352,0.0951,0.0987,0.0523,0.0958,4.33,2.72,1.94
4/149,4.32G,4.2,1.49,1.71,7.39,218,352,0.337,0.102,0.0812,0.106,4.01,2.54,1.98,4/199,6.44G,4.05,1.5,1.72,7.26,409,352,0.274,0.127,0.0965,0.134,3.88,2.69,2.01,4/199,4.31G,3.35,1.24,1.29,5.89,310,352,0.252,0.174,0.144,0.202,3.48,2.35,1.47,4/199,4.31G,3.59,1.13,1.66,6.38,391,352,0.232,0.0781,0.0784,0.104,3.76,2.82,1.92,14-Apr,3G,2.38,1.09,0.942,4.41,608,352,0.218,0.156,0.123,0.16,3.12,2.32,1.34,4/149,4.32G,4.2,1.49,1.71,7.39,218,352,0.337,0.102,0.0812,0.106,4.01,2.54,1.98
5/149,4.32G,3.82,1.37,1.66,6.85,122,352,0.216,0.123,0.0958,0.138,4.54,2.26,1.74,5/199,6.44G,3.97,1.34,1.58,6.89,523,352,0.257,0.168,0.136,0.196,4.02,2.4,1.95,5/199,4.31G,3.03,1.15,1.14,5.32,443,352,0.274,0.178,0.147,0.202,3.11,2.35,1.38,5/199,4.31G,3.37,1.08,1.48,5.93,314,352,0.202,0.112,0.0938,0.126,3.43,2.73,1.82,14-May,3G,2.13,0.978,0.8,3.91,867,352,0.253,0.168,0.137,0.187,2.7,2.25,1.22,5/149,4.32G,3.82,1.37,1.66,6.85,122,352,0.216,0.123,0.0958,0.138,4.54,2.26,1.74
6/149,4.32G,3.88,1.28,1.5,6.66,259,352,0.221,0.148,0.12,0.172,3.79,2.37,1.96,6/199,6.45G,3.68,1.26,1.46,6.4,337,352,0.293,0.159,0.135,0.19,4,2.53,1.84,6/199,4.31G,2.95,1.06,0.953,4.96,633,352,0.316,0.184,0.156,0.217,3.15,2.37,1.36,6/199,4.31G,3.23,1.04,1.4,5.67,329,352,0.194,0.102,0.0942,0.119,3.76,2.55,1.87,14-Jun,3G,2,0.891,0.678,3.57,1.07E+03,352,0.293,0.187,0.16,0.213,2.52,2.2,1.19,6/149,4.32G,3.88,1.28,1.5,6.66,259,352,0.221,0.148,0.12,0.172,3.79,2.37,1.96
7/149,4.32G,3.48,1.25,1.41,6.14,182,352,0.27,0.143,0.135,0.175,3.78,2.27,1.72,7/199,6.45G,3.42,1.17,1.24,5.83,441,352,0.307,0.168,0.154,0.21,3.95,2.44,1.71,7/199,4.31G,2.75,0.993,0.849,4.59,212,352,0.281,0.19,0.164,0.218,3.06,2.42,1.38,7/199,4.31G,3.01,1,1.23,5.24,241,352,0.286,0.0963,0.104,0.126,3.62,2.75,1.77,14-Jul,3G,1.86,0.82,0.566,3.24,67,352,0.3,0.198,0.161,0.231,2.41,2.24,1.15,7/149,4.32G,3.48,1.25,1.41,6.14,182,352,0.27,0.143,0.135,0.175,3.78,2.27,1.72
8/149,4.32G,3.23,1.17,1.28,5.68,340,352,0.267,0.172,0.139,0.193,3.66,2.29,1.65,8/199,6.45G,3.5,1.27,1.36,6.14,299,352,0.202,0.137,0.109,0.159,3.84,2.72,1.8,8/199,4.31G,2.58,0.934,0.737,4.25,343,352,0.285,0.198,0.171,0.223,3.02,2.41,1.3,8/199,4.31G,2.94,0.96,1.15,5.05,256,352,0.302,0.107,0.115,0.149,3.5,2.78,1.65,14-Aug,3G,1.7,0.761,0.467,2.93,1.52E+03,352,0.298,0.206,0.167,0.232,2.37,2.35,1.14,8/149,4.32G,3.23,1.17,1.28,5.68,340,352,0.267,0.172,0.139,0.193,3.66,2.29,1.65
9/149,4.32G,3.25,1.09,1.15,5.49,276,352,0.243,0.156,0.136,0.186,3.67,2.38,2.11,9/199,6.45G,3.47,1.19,1.14,5.8,377,352,0.278,0.17,0.14,0.204,3.54,2.54,1.73,9/199,4.31G,2.5,0.879,0.664,4.04,261,352,0.324,0.21,0.176,0.249,3.12,2.5,1.29,9/199,4.31G,2.8,0.928,1.04,4.77,433,352,0.409,0.121,0.122,0.16,3.35,2.85,1.62,14-Sep,3G,1.55,0.709,0.407,2.67,134,352,0.301,0.214,0.167,0.239,2.37,2.33,1.15,9/149,4.32G,3.25,1.09,1.15,5.49,276,352,0.243,0.156,0.136,0.186,3.67,2.38,2.11
10/149,4.32G,3.11,1.08,1.17,5.36,288,352,0.259,0.176,0.14,0.196,3.42,2.42,1.73,10/199,6.45G,3.38,1.09,1.01,5.48,691,352,0.333,0.158,0.153,0.198,3.71,2.54,1.64,10/199,4.31G,2.45,0.827,0.581,3.86,452,352,0.306,0.205,0.177,0.238,3.1,2.47,1.26,10/199,4.31G,2.73,0.893,0.988,4.61,404,352,0.322,0.0845,0.0996,0.122,3.38,3.41,1.74,14-Oct,3G,1.44,0.662,0.355,2.46,42,352,0.311,0.211,0.171,0.237,2.37,2.38,1.14,10/149,4.32G,3.11,1.08,1.17,5.36,288,352,0.259,0.176,0.14,0.196,3.42,2.42,1.73
11/149,4.32G,2.95,1.05,1.01,5.01,335,352,0.258,0.18,0.152,0.209,3.15,2.42,1.59,11/199,6.45G,3.13,1.05,0.954,5.13,418,352,0.304,0.187,0.159,0.221,3.64,2.57,1.6,11/199,4.31G,2.47,0.779,0.518,3.77,213,352,0.291,0.202,0.166,0.233,3.28,2.59,1.39,11/199,4.31G,2.69,0.865,0.928,4.48,393,352,0.315,0.0965,0.114,0.14,3.42,3.33,1.73,14-Nov,3G,1.31,0.614,0.315,2.24,802,352,0.305,0.215,0.178,0.245,2.29,2.4,1.13,11/149,4.32G,2.95,1.05,1.01,5.01,335,352,0.258,0.18,0.152,0.209,3.15,2.42,1.59
12/149,4.32G,2.84,1.01,0.904,4.75,229,352,0.291,0.168,0.15,0.196,3.48,2.39,1.55,12/199,6.45G,3.07,0.974,0.875,4.92,395,352,0.286,0.193,0.162,0.223,3.56,2.6,1.67,12/199,4.31G,2.39,0.743,0.483,3.62,606,352,0.334,0.213,0.182,0.251,3.15,2.58,1.36,12/199,4.31G,2.62,0.827,0.828,4.28,211,352,0.338,0.124,0.129,0.17,3.24,3.22,1.68,14-Dec,3G,1.19,0.574,0.284,2.05,879,352,0.312,0.219,0.182,0.25,2.25,2.4,1.12,12/149,4.32G,2.84,1.01,0.904,4.75,229,352,0.291,0.168,0.15,0.196,3.48,2.39,1.55
13/149,4.32G,2.78,1.02,0.943,4.74,262,352,0.267,0.19,0.155,0.203,3.36,2.47,1.64,13/199,6.45G,2.78,0.931,0.864,4.58,428,352,0.343,0.186,0.169,0.232,3.61,2.62,1.6,13/199,4.31G,2.26,0.72,0.44,3.42,483,352,0.293,0.226,0.177,0.252,3.04,2.63,1.39,13/199,4.31G,2.56,0.787,0.747,4.1,288,352,0.312,0.123,0.124,0.168,3.22,3.21,1.65,13/14,3G,1.1,0.548,0.258,1.91,1.43E+03,352,0.315,0.221,0.18,0.25,2.26,2.44,1.14,13/149,4.32G,2.78,1.02,0.943,4.74,262,352,0.267,0.19,0.155,0.203,3.36,2.47,1.64
14/149,4.32G,2.68,0.982,0.875,4.54,295,352,0.284,0.199,0.162,0.226,3.33,2.43,1.64,14/199,6.45G,2.78,0.893,0.688,4.36,482,352,0.315,0.216,0.176,0.248,3.59,2.69,1.52,14/199,4.31G,2.2,0.694,0.401,3.3,398,352,0.342,0.215,0.175,0.257,2.94,2.71,1.44,14/199,4.31G,2.46,0.771,0.72,3.96,257,352,0.362,0.113,0.121,0.164,3.27,3.45,1.62,14/14,3G,1.05,0.531,0.246,1.83,560,352,0.317,0.223,0.184,0.253,2.23,2.44,1.14,14/149,4.32G,2.68,0.982,0.875,4.54,295,352,0.284,0.199,0.162,0.226,3.33,2.43,1.64
15/149,4.32G,2.67,0.927,0.781,4.38,184,352,0.33,0.195,0.168,0.234,3.3,2.38,1.6,15/199,6.45G,2.71,0.86,0.65,4.22,369,352,0.348,0.198,0.17,0.249,3.54,2.77,1.59,15/199,4.31G,2.15,0.67,0.372,3.19,522,352,0.343,0.219,0.182,0.264,2.94,2.68,1.41,15/199,4.31G,2.38,0.74,0.638,3.75,446,352,0.352,0.139,0.137,0.186,3.14,2.97,1.71,,,,,,,,,,,,,,,,15/149,4.32G,2.67,0.927,0.781,4.38,184,352,0.33,0.195,0.168,0.234,3.3,2.38,1.6
16/149,4.32G,2.7,0.898,0.696,4.29,249,352,0.286,0.194,0.154,0.22,3.29,2.49,1.57,16/199,6.45G,2.59,0.827,0.563,3.98,496,352,0.326,0.2,0.173,0.24,3.55,2.79,1.59,16/199,4.31G,2.07,0.646,0.322,3.04,353,352,0.337,0.205,0.177,0.249,2.9,2.74,1.44,16/199,4.31G,2.43,0.728,0.626,3.78,413,352,0.331,0.126,0.123,0.173,3.33,3.39,1.66,,,,,,,,,,,,,,,,16/149,4.32G,2.7,0.898,0.696,4.29,249,352,0.286,0.194,0.154,0.22,3.29,2.49,1.57
17/149,4.32G,2.7,0.869,0.679,4.25,318,352,0.339,0.192,0.172,0.227,3.4,2.43,1.58,17/199,6.45G,2.69,0.788,0.564,4.04,385,352,0.342,0.2,0.175,0.248,3.42,2.76,1.64,17/199,4.31G,2.02,0.607,0.297,2.93,462,352,0.299,0.211,0.168,0.241,2.86,2.74,1.42,17/199,4.31G,2.46,0.708,0.607,3.78,451,352,0.32,0.127,0.128,0.177,3.29,3.34,1.65,,,,,,,,,,,,,,,,17/149,4.32G,2.7,0.869,0.679,4.25,318,352,0.339,0.192,0.172,0.227,3.4,2.43,1.58
18/149,4.32G,2.39,0.841,0.601,3.83,219,352,0.331,0.204,0.176,0.241,3.31,2.41,1.57,18/199,6.45G,2.48,0.761,0.462,3.7,552,352,0.305,0.21,0.173,0.244,3.44,2.82,1.81,18/199,4.31G,2.02,0.604,0.295,2.91,1.33E+03,352,0.345,0.209,0.176,0.254,2.89,2.8,1.51,18/199,4.31G,2.39,0.681,0.554,3.63,349,352,0.315,0.147,0.138,0.195,3.24,3.2,1.63,,,,,,,,,,,,,,,,18/149,4.32G,2.39,0.841,0.601,3.83,219,352,0.331,0.204,0.176,0.241,3.31,2.41,1.57
19/149,4.32G,2.39,0.814,0.53,3.73,217,352,0.373,0.18,0.164,0.23,3.19,2.5,1.6,19/199,6.45G,2.44,0.733,0.452,3.62,548,352,0.295,0.199,0.163,0.235,3.35,2.92,1.78,19/199,4.31G,1.89,0.589,0.271,2.75,406,352,0.335,0.203,0.174,0.247,2.87,2.8,1.46,19/199,4.31G,2.35,0.662,0.502,3.51,453,352,0.338,0.103,0.109,0.144,3.2,3.81,1.78,,,,,,,,,,,,,,,,19/149,4.32G,2.39,0.814,0.53,3.73,217,352,0.373,0.18,0.164,0.23,3.19,2.5,1.6
20/149,4.32G,2.35,0.795,0.497,3.64,239,352,0.367,0.21,0.182,0.255,3.03,2.54,1.53,20/199,6.45G,2.28,0.722,0.439,3.44,480,352,0.31,0.208,0.165,0.246,3.37,2.94,1.86,20/199,4.31G,1.89,0.569,0.26,2.71,554,352,0.313,0.214,0.175,0.249,2.78,2.9,1.49,20/199,4.31G,2.31,0.65,0.461,3.42,271,352,0.389,0.101,0.107,0.146,3.39,4.51,1.93,,,,,,,,,,,,,,,,20/149,4.32G,2.35,0.795,0.497,3.64,239,352,0.367,0.21,0.182,0.255,3.03,2.54,1.53
21/149,4.32G,2.27,0.76,0.477,3.51,234,352,0.342,0.213,0.18,0.25,3.12,2.52,1.61,21/199,6.45G,2.34,0.691,0.351,3.38,342,352,0.34,0.19,0.161,0.24,3.48,3.05,1.68,21/199,4.31G,1.82,0.552,0.254,2.62,368,352,0.335,0.196,0.17,0.24,3,2.98,1.51,21/199,4.31G,2.2,0.637,0.431,3.26,206,352,0.332,0.126,0.123,0.177,3.26,3.85,1.73,,,,,,,,,,,,,,,,21/39,1.64G,2.98,2.2,1.31,6.48,843,352,0.285,0.144,0.129,0.167,2.59,2.64,1.36
22/149,4.32G,2.31,0.745,0.446,3.5,204,352,0.329,0.205,0.171,0.239,3.16,2.67,1.64,22/199,6.45G,2.36,0.689,0.385,3.43,293,352,0.34,0.188,0.163,0.239,3.48,3.1,1.68,22/199,4.31G,1.83,0.536,0.247,2.61,311,352,0.327,0.205,0.175,0.25,2.88,3,1.51,22/199,4.31G,2.13,0.618,0.385,3.14,287,352,0.376,0.113,0.113,0.163,3.27,4.08,1.89,,,,,,,,,,,,,,,,22/39,3.05G,2.71,1.96,0.983,5.65,1.69E+03,352,0.329,0.172,0.157,0.206,2.43,2.53,1.31
23/149,4.32G,2.49,0.719,0.458,3.66,340,352,0.341,0.204,0.174,0.249,3.05,2.63,1.57,23/199,6.45G,2.2,0.668,0.353,3.22,311,352,0.294,0.209,0.157,0.243,3.37,3.07,1.82,23/199,4.31G,1.79,0.53,0.24,2.56,289,352,0.356,0.199,0.176,0.252,2.74,2.96,1.49,23/199,4.31G,2.04,0.588,0.35,2.98,295,352,0.386,0.113,0.117,0.169,3.2,4.12,1.86,,,,,,,,,,,,,,,,23/39,3.05G,2.55,1.87,0.844,5.27,857,352,0.486,0.173,0.157,0.213,2.37,2.59,1.28
24/149,4.32G,2.17,0.713,0.445,3.32,268,352,0.341,0.198,0.167,0.244,2.93,2.72,1.55,24/199,6.45G,2.12,0.644,0.362,3.13,617,352,0.335,0.194,0.164,0.242,3.47,3.12,1.93,24/199,4.31G,1.72,0.519,0.232,2.47,546,352,0.35,0.217,0.173,0.258,2.94,2.96,1.55,24/199,4.31G,2.09,0.576,0.342,3.01,409,352,0.372,0.116,0.118,0.168,3.22,4.11,1.79,,,,,,,,,,,,,,,,24/39,3.05G,2.45,1.8,0.764,5.01,1.72E+03,352,0.415,0.168,0.159,0.213,2.37,2.59,1.32
25/149,4.32G,2.25,0.697,0.398,3.34,277,352,0.33,0.21,0.177,0.252,3.05,2.69,1.6,25/199,6.45G,2.17,0.638,0.362,3.17,561,352,0.355,0.19,0.163,0.242,3.49,3.14,2.11,25/199,4.31G,1.7,0.508,0.232,2.44,418,352,0.366,0.205,0.177,0.255,2.78,3.08,1.54,25/199,4.31G,2.02,0.554,0.305,2.88,222,352,0.391,0.118,0.116,0.171,3.22,4.04,1.87,,,,,,,,,,,,,,,,25/39,3.05G,2.34,1.74,0.659,4.74,771,352,0.335,0.164,0.153,0.207,2.39,2.72,1.35
26/149,4.32G,2.12,0.679,0.377,3.18,165,352,0.339,0.204,0.173,0.25,3.13,2.68,1.6,26/199,6.45G,2.18,0.611,0.323,3.12,563,352,0.298,0.192,0.151,0.229,3.39,3.2,1.84,26/199,4.31G,1.69,0.498,0.225,2.41,498,352,0.373,0.215,0.178,0.269,2.8,3.11,1.56,26/199,4.31G,2.02,0.536,0.304,2.86,319,352,0.375,0.131,0.131,0.187,3.17,3.73,1.65,,,,,,,,,,,,,,,,26/39,3.05G,2.23,1.67,0.592,4.5,874,352,0.346,0.163,0.15,0.206,2.4,2.88,1.37
27/149,4.32G,2.05,0.651,0.351,3.05,192,352,0.344,0.2,0.174,0.247,3.03,2.71,1.6,27/199,6.45G,2.06,0.604,0.314,2.98,593,352,0.341,0.184,0.157,0.235,3.41,3.26,1.83,27/199,4.31G,1.65,0.489,0.204,2.35,668,352,0.364,0.197,0.174,0.248,2.79,3.12,1.56,27/199,4.31G,1.93,0.528,0.273,2.73,284,352,0.359,0.134,0.132,0.189,3.21,3.53,1.69,,,,,,,,,,,,,,,,27/39,3.05G,2.15,1.6,0.536,4.29,970,352,0.308,0.147,0.142,0.189,2.42,2.98,1.4
28/149,4.32G,2.07,0.649,0.362,3.08,241,352,0.318,0.21,0.169,0.247,2.95,2.69,1.65,28/199,6.45G,2.09,0.587,0.319,2.99,510,352,0.35,0.185,0.158,0.239,3.44,3.26,1.93,28/199,4.31G,1.62,0.473,0.213,2.31,337,352,0.338,0.204,0.175,0.25,2.81,3.13,1.56,28/199,4.31G,1.95,0.515,0.282,2.75,338,352,0.399,0.121,0.123,0.177,3.22,3.92,1.79,,,,,,,,,,,,,,,,28/39,3.05G,2.06,1.53,0.49,4.09,121,352,0.311,0.155,0.139,0.197,2.46,3.14,1.45
29/149,4.32G,2.1,0.625,0.348,3.07,197,352,0.341,0.203,0.171,0.247,3.11,2.76,1.62,29/199,6.45G,1.88,0.584,0.301,2.76,317,352,0.316,0.19,0.157,0.234,3.41,3.25,1.85,29/199,4.31G,1.62,0.472,0.176,2.27,367,352,0.361,0.204,0.174,0.256,2.95,3.18,1.54,29/199,4.31G,1.92,0.507,0.245,2.67,156,352,0.368,0.121,0.121,0.177,3.26,4.25,1.82,,,,,,,,,,,,,,,,29/39,3.05G,2,1.46,0.457,3.92,1.66E+03,352,0.303,0.153,0.135,0.193,2.49,3.16,1.49
30/149,4.32G,2.09,0.61,0.345,3.05,293,352,0.327,0.201,0.172,0.243,3.08,2.78,1.78,30/199,6.45G,1.97,0.564,0.249,2.78,556,352,0.334,0.184,0.16,0.234,3.3,3.26,2.06,30/199,4.31G,1.6,0.463,0.202,2.27,382,352,0.359,0.197,0.172,0.251,2.81,3.19,1.62,30/199,4.31G,1.92,0.499,0.246,2.66,263,352,0.413,0.113,0.116,0.166,3.07,4.19,1.78,,,,,,,,,,,,,,,,30/39,3.05G,1.93,1.39,0.426,3.75,118,352,0.306,0.15,0.136,0.193,2.47,3.2,1.48
31/149,4.32G,1.91,0.587,0.302,2.8,298,352,0.323,0.213,0.172,0.253,2.95,2.77,1.77,31/199,6.45G,1.96,0.554,0.292,2.8,315,352,0.349,0.183,0.16,0.235,3.35,3.32,1.88,31/199,4.31G,1.52,0.46,0.182,2.17,342,352,0.368,0.197,0.177,0.251,2.74,3.11,1.59,31/199,4.31G,1.8,0.482,0.223,2.5,396,352,0.33,0.15,0.134,0.204,3.2,3.72,1.74,,,,,,,,,,,,,,,,31/39,3.05G,1.85,1.34,0.408,3.6,95,352,0.302,0.146,0.129,0.19,2.55,3.32,1.52
32/149,4.32G,1.97,0.592,0.267,2.83,179,352,0.36,0.201,0.17,0.251,3.08,2.92,1.66,32/199,6.45G,2.01,0.542,0.286,2.84,476,352,0.338,0.188,0.16,0.239,3.39,3.36,1.85,32/199,4.31G,1.55,0.452,0.162,2.17,629,352,0.378,0.197,0.174,0.252,2.82,3.26,1.63,32/199,4.31G,1.89,0.474,0.231,2.6,274,352,0.386,0.114,0.111,0.172,3.17,4.7,1.97,,,,,,,,,,,,,,,,32/39,3.05G,1.79,1.29,0.38,3.47,1.17E+03,352,0.305,0.141,0.125,0.187,2.58,3.54,1.55
33/149,4.32G,1.91,0.589,0.3,2.8,217,352,0.344,0.214,0.175,0.26,3.07,2.83,1.75,33/199,6.45G,1.88,0.539,0.266,2.68,404,352,0.35,0.185,0.161,0.236,3.29,3.4,1.88,33/199,4.31G,1.57,0.447,0.172,2.19,386,352,0.37,0.198,0.172,0.253,2.75,3.32,1.59,33/199,4.31G,1.8,0.461,0.226,2.49,361,352,0.402,0.111,0.107,0.165,3.21,4.7,1.88,,,,,,,,,,,,,,,,33/39,3.05G,1.74,1.26,0.36,3.35,966,352,0.31,0.143,0.127,0.187,2.55,3.52,1.57
34/149,4.32G,1.87,0.57,0.326,2.77,120,352,0.323,0.211,0.171,0.251,3.11,2.83,1.67,34/199,6.45G,1.82,0.522,0.255,2.6,405,352,0.309,0.195,0.158,0.235,3.32,3.36,1.91,34/199,4.31G,1.57,0.443,0.172,2.19,423,352,0.376,0.183,0.169,0.234,2.76,3.34,1.64,34/199,4.31G,1.75,0.453,0.209,2.41,574,352,0.364,0.132,0.127,0.19,3.01,4.09,1.74,,,,,,,,,,,,,,,,34/39,3.05G,1.7,1.23,0.349,3.28,1.54E+03,352,0.322,0.141,0.122,0.189,2.55,3.67,1.56
35/149,4.32G,2.02,0.561,0.273,2.85,158,352,0.335,0.212,0.179,0.251,2.99,2.87,1.69,35/199,6.45G,1.83,0.508,0.27,2.61,382,352,0.354,0.186,0.16,0.24,3.35,3.47,1.91,35/199,4.31G,1.57,0.439,0.183,2.19,456,352,0.391,0.206,0.182,0.263,2.76,3.29,1.6,35/199,4.31G,1.78,0.441,0.207,2.43,334,352,0.372,0.132,0.124,0.19,3.08,3.97,1.78,,,,,,,,,,,,,,,,35/39,3.05G,1.66,1.2,0.339,3.21,1.27E+03,352,0.317,0.14,0.122,0.187,2.59,3.65,1.6
36/149,4.32G,1.94,0.556,0.274,2.77,331,352,0.343,0.219,0.18,0.263,2.92,2.9,1.76,36/199,6.45G,1.75,0.491,0.239,2.48,511,352,0.347,0.187,0.162,0.239,3.23,3.54,1.97,36/199,4.31G,1.49,0.433,0.152,2.08,601,352,0.37,0.193,0.173,0.247,2.8,3.31,1.64,36/199,4.31G,1.71,0.431,0.212,2.35,217,352,0.417,0.123,0.125,0.183,3.04,4.44,1.81,,,,,,,,,,,,,,,,36/39,3.05G,1.62,1.18,0.324,3.13,1.07E+03,352,0.31,0.14,0.123,0.185,2.57,3.69,1.61
37/149,4.32G,1.74,0.535,0.297,2.57,275,352,0.349,0.202,0.173,0.251,3.02,2.97,1.73,37/199,6.45G,1.77,0.48,0.244,2.49,383,352,0.357,0.187,0.162,0.24,3.38,3.48,1.96,37/199,4.31G,1.46,0.419,0.145,2.03,376,352,0.375,0.193,0.172,0.247,2.71,3.34,1.66,37/199,4.31G,1.72,0.424,0.209,2.35,259,352,0.366,0.122,0.121,0.179,3.02,4.39,1.98,,,,,,,,,,,,,,,,37/39,3.05G,1.6,1.16,0.319,3.08,1.16E+03,352,0.323,0.137,0.12,0.186,2.58,3.72,1.63
38/149,4.32G,1.87,0.536,0.25,2.65,187,352,0.339,0.212,0.169,0.253,3.16,2.91,1.78,38/199,6.45G,1.79,0.494,0.226,2.51,486,352,0.323,0.189,0.155,0.235,3.5,3.46,2.19,38/199,4.31G,1.42,0.414,0.152,1.98,490,352,0.369,0.181,0.174,0.234,2.76,3.37,1.63,38/199,4.31G,1.7,0.427,0.199,2.32,411,352,0.397,0.131,0.13,0.192,3.08,4.25,1.75,,,,,,,,,,,,,,,,38/39,3.05G,1.56,1.15,0.309,3.02,820,352,0.306,0.135,0.118,0.18,2.62,3.74,1.65
39/149,4.32G,1.81,0.53,0.268,2.61,181,352,0.379,0.204,0.176,0.259,2.93,2.92,1.76,39/199,6.45G,1.72,0.471,0.219,2.41,315,352,0.323,0.191,0.158,0.236,3.41,3.53,1.94,39/199,4.31G,1.38,0.412,0.141,1.93,370,352,0.359,0.191,0.17,0.243,2.66,3.42,1.73,39/199,4.31G,1.66,0.414,0.21,2.28,580,352,0.384,0.129,0.127,0.189,3.1,4.07,1.83,,,,,,,,,,,,,,,,39/39,3.05G,1.54,1.13,0.303,2.97,141,352,0.314,0.133,0.117,0.18,2.6,3.86,1.65
40/149,4.32G,1.84,0.534,0.318,2.69,330,352,0.356,0.191,0.163,0.242,2.97,3.07,1.84,40/199,6.45G,1.76,0.471,0.243,2.47,284,352,0.378,0.184,0.165,0.242,3.29,3.52,1.97,40/199,4.31G,1.39,0.406,0.146,1.94,546,352,0.382,0.19,0.172,0.249,2.75,3.46,1.71,40/199,4.31G,1.64,0.421,0.232,2.3,398,352,0.366,0.13,0.125,0.186,3.05,4.17,1.86,,,,,,,,,,,,,,,,,,,,,,,,,,,,,,
41/149,4.32G,1.84,0.554,0.255,2.65,326,352,0.33,0.207,0.17,0.25,2.83,2.98,1.8,41/199,6.45G,1.68,0.464,0.228,2.37,402,352,0.373,0.177,0.157,0.234,3.44,3.59,1.97,41/199,4.31G,1.46,0.402,0.153,2.01,295,352,0.397,0.19,0.176,0.249,2.85,3.41,1.76,41/199,4.31G,1.63,0.411,0.187,2.23,244,352,0.357,0.141,0.131,0.2,3.08,4.17,1.96,,,,,,,,,,,,,,,,,,,,,,,,,,,,,,
42/149,4.32G,1.76,0.543,0.254,2.56,304,352,0.301,0.225,0.17,0.254,2.9,2.92,1.81,42/199,6.45G,1.66,0.461,0.199,2.32,360,352,0.356,0.192,0.167,0.245,3.23,3.51,1.99,42/199,4.31G,1.42,0.403,0.163,1.99,523,352,0.342,0.188,0.165,0.239,2.8,3.42,1.73,42/199,4.31G,1.68,0.399,0.187,2.26,413,352,0.355,0.142,0.131,0.201,3.05,4.2,1.88,,,,,,,,,,,,,,,,,,,,,,,,,,,,,,
43/149,4.32G,1.71,0.515,0.248,2.47,247,352,0.36,0.209,0.172,0.256,2.88,2.96,1.8,43/199,6.45G,1.64,0.455,0.206,2.31,289,352,0.346,0.178,0.157,0.231,3.28,3.67,1.97,43/199,4.31G,1.38,0.385,0.141,1.91,373,352,0.403,0.197,0.183,0.254,2.75,3.42,1.75,43/199,4.31G,1.69,0.404,0.21,2.3,443,352,0.365,0.123,0.12,0.182,3.17,4.68,2,,,,,,,,,,,,,,,,,,,,,,,,,,,,,,
44/149,4.32G,1.77,0.505,0.242,2.52,216,352,0.334,0.199,0.166,0.246,3.05,2.99,1.8,44/199,6.45G,1.73,0.449,0.21,2.39,448,352,0.349,0.183,0.157,0.235,3.36,3.61,1.95,44/199,4.31G,1.37,0.392,0.135,1.9,450,352,0.395,0.184,0.173,0.24,2.74,3.48,1.73,44/199,4.31G,1.63,0.398,0.186,2.21,353,352,0.407,0.124,0.121,0.186,3.13,4.38,1.88,,,,,,,,,,,,,,,,,,,,,,,,,,,,,,
45/149,4.32G,1.65,0.506,0.223,2.38,196,352,0.311,0.216,0.171,0.252,2.92,3,1.79,45/199,6.45G,1.64,0.437,0.207,2.29,350,352,0.354,0.178,0.152,0.233,3.32,3.64,1.86,45/199,4.31G,1.35,0.383,0.136,1.86,395,352,0.351,0.184,0.165,0.236,2.73,3.57,1.74,45/199,4.31G,1.64,0.395,0.176,2.21,208,352,0.401,0.112,0.116,0.17,3.64,4.53,2.02,,,,,,,,,,,,,,,,,,,,,,,,,,,,,,
46/149,4.32G,1.74,0.496,0.224,2.46,237,352,0.355,0.2,0.173,0.253,2.8,3.07,1.76,46/199,6.45G,1.62,0.44,0.214,2.27,547,352,0.371,0.175,0.154,0.234,3.34,3.82,1.95,46/199,4.31G,1.34,0.376,0.132,1.85,749,352,0.364,0.187,0.17,0.238,2.78,3.62,1.8,46/199,4.31G,1.55,0.403,0.18,2.13,456,352,0.39,0.142,0.129,0.204,3.07,4.17,1.79,,,,,,,,,,,,,,,,,,,,,,,,,,,,,,
47/149,4.32G,1.63,0.485,0.208,2.33,163,352,0.368,0.198,0.169,0.251,3.04,3.11,1.81,47/199,6.45G,1.6,0.434,0.187,2.22,654,352,0.357,0.184,0.155,0.236,3.3,3.65,2.02,47/199,4.31G,1.33,0.378,0.138,1.85,573,352,0.364,0.175,0.165,0.23,2.74,3.63,1.77,47/199,4.31G,1.54,0.384,0.171,2.09,522,352,0.378,0.115,0.114,0.174,3.14,4.64,2.03,,,,,,,,,,,,,,,,,,,,,,,,,,,,,,
48/149,4.32G,1.7,0.503,0.202,2.4,233,352,0.36,0.211,0.173,0.261,2.82,3.07,1.81,48/199,6.45G,1.62,0.422,0.193,2.24,423,352,0.356,0.191,0.156,0.245,3.4,3.65,2.04,48/199,4.31G,1.37,0.386,0.137,1.89,421,352,0.394,0.185,0.17,0.244,2.79,3.59,1.86,48/199,4.31G,1.54,0.372,0.159,2.07,297,352,0.382,0.131,0.128,0.193,3.11,4.32,1.93,,,,,,,,,,,,,,,,,,,,,,,,,,,,,,
49/149,4.32G,1.71,0.483,0.22,2.41,201,352,0.375,0.211,0.179,0.263,2.98,3.08,1.88,49/199,6.45G,1.55,0.415,0.222,2.19,518,352,0.34,0.183,0.154,0.234,3.39,3.74,2.01,49/199,4.31G,1.29,0.374,0.12,1.78,558,352,0.369,0.18,0.163,0.237,2.75,3.68,1.83,49/199,4.31G,1.49,0.369,0.169,2.03,287,352,0.373,0.134,0.13,0.196,3.06,4.32,1.99,,,,,,,,,,,,,,,,,,,,,,,,,,,,,,
50/149,4.32G,1.64,0.487,0.226,2.35,249,352,0.332,0.209,0.166,0.253,2.89,3.17,1.88,50/199,6.45G,1.59,0.418,0.191,2.2,457,352,0.364,0.179,0.155,0.235,3.29,3.83,1.99,50/199,4.31G,1.26,0.362,0.119,1.74,412,352,0.387,0.18,0.169,0.234,2.73,3.6,1.82,50/199,4.31G,1.46,0.359,0.157,1.98,195,352,0.416,0.129,0.129,0.192,3.04,4.32,1.88,,,,,,,,,,,,,,,,,,,,,,,,,,,,,,
51/149,4.32G,1.63,0.467,0.206,2.3,230,352,0.339,0.211,0.17,0.255,2.93,3.06,1.87,51/199,6.45G,1.55,0.419,0.188,2.16,463,352,0.376,0.175,0.153,0.234,3.37,3.81,1.99,51/199,4.31G,1.29,0.37,0.122,1.79,484,352,0.404,0.187,0.173,0.245,2.79,3.63,1.79,51/199,4.31G,1.51,0.356,0.162,2.03,218,352,0.415,0.12,0.124,0.18,3.01,4.54,1.87,,,,,,,,,,,,,,,,,,,,,,,,,,,,,,
52/149,4.32G,1.57,0.463,0.192,2.22,159,352,0.364,0.193,0.174,0.246,2.82,3.22,1.9,52/199,6.45G,1.56,0.405,0.18,2.14,541,352,0.351,0.181,0.157,0.235,3.19,3.79,2.05,52/199,4.31G,1.24,0.356,0.121,1.71,466,352,0.42,0.178,0.174,0.237,2.72,3.75,1.87,52/199,4.31G,1.44,0.353,0.152,1.94,249,352,0.417,0.151,0.139,0.218,3.11,4.32,1.96,,,,,,,,,,,,,,,,,,,,,,,,,,,,,,
53/149,4.32G,1.57,0.465,0.189,2.22,195,352,0.353,0.201,0.172,0.25,3,3.09,1.89,53/199,6.45G,1.52,0.404,0.181,2.11,338,352,0.358,0.175,0.152,0.231,3.31,3.86,1.95,53/199,4.31G,1.22,0.359,0.115,1.69,532,352,0.386,0.18,0.167,0.236,2.74,3.67,1.88,53/199,4.31G,1.53,0.35,0.16,2.04,182,352,0.389,0.133,0.126,0.195,2.93,4.55,2.02,,,,,,,,,,,,,,,,,,,,,,,,,,,,,,
54/149,4.32G,1.6,0.438,0.185,2.22,181,352,0.356,0.198,0.173,0.248,2.91,3.14,1.84,54/199,6.45G,1.39,0.394,0.165,1.95,372,352,0.365,0.184,0.156,0.24,3.31,3.81,2.07,54/199,4.31G,1.2,0.351,0.115,1.67,553,352,0.382,0.178,0.172,0.232,2.68,3.71,1.86,54/199,4.31G,1.45,0.342,0.151,1.94,265,352,0.431,0.121,0.122,0.184,3.18,4.65,2.11,,,,,,,,,,,,,,,,,,,,,,,,,,,,,,
55/149,4.32G,1.46,0.444,0.176,2.08,348,352,0.34,0.192,0.167,0.239,2.89,3.21,1.87,55/199,6.45G,1.46,0.397,0.161,2.02,370,352,0.356,0.177,0.155,0.233,3.34,3.88,2.11,55/199,4.31G,1.2,0.349,0.119,1.67,418,352,0.386,0.184,0.169,0.244,2.76,3.74,1.9,55/199,4.31G,1.44,0.347,0.152,1.93,290,352,0.422,0.134,0.132,0.2,3.01,4.55,1.9,,,,,,,,,,,,,,,,,,,,,,,,,,,,,,
56/149,4.32G,1.48,0.431,0.179,2.09,119,352,0.358,0.19,0.17,0.242,3.05,3.26,1.9,56/199,6.45G,1.5,0.391,0.17,2.06,428,352,0.369,0.177,0.156,0.235,3.26,3.9,2.02,56/199,4.31G,1.21,0.347,0.117,1.67,531,352,0.374,0.182,0.169,0.239,2.7,3.73,1.84,56/199,4.31G,1.42,0.343,0.141,1.9,143,352,0.4,0.139,0.133,0.202,3.01,4.28,1.92,,,,,,,,,,,,,,,,,,,,,,,,,,,,,,
57/149,4.32G,1.44,0.432,0.175,2.04,160,352,0.36,0.196,0.172,0.249,2.87,3.22,1.87,57/199,6.45G,1.44,0.381,0.187,2.01,449,352,0.359,0.175,0.153,0.23,3.31,3.86,2.14,57/199,4.31G,1.2,0.344,0.12,1.67,379,352,0.361,0.185,0.164,0.239,2.71,3.79,1.88,57/199,4.31G,1.42,0.339,0.161,1.92,309,352,0.381,0.148,0.138,0.21,3,4.23,1.96,,,,,,,,,,,,,,,,,,,,,,,,,,,,,,
58/149,4.32G,1.44,0.424,0.18,2.05,197,352,0.368,0.192,0.173,0.244,2.78,3.27,1.93,58/199,6.45G,1.37,0.38,0.159,1.91,391,352,0.382,0.175,0.156,0.235,3.2,4,2.08,58/199,4.31G,1.16,0.335,0.109,1.6,315,352,0.378,0.18,0.168,0.236,2.67,3.77,1.87,58/199,4.31G,1.38,0.331,0.149,1.86,244,352,0.447,0.128,0.128,0.193,2.94,4.8,2.05,,,,,,,,,,,,,,,,,,,,,,,,,,,,,,
59/149,4.32G,1.4,0.424,0.165,1.98,182,352,0.352,0.197,0.169,0.247,2.89,3.2,1.94,59/199,6.45G,1.43,0.38,0.14,1.95,541,352,0.359,0.182,0.154,0.238,3.26,3.92,2.2,59/199,4.31G,1.2,0.338,0.116,1.66,431,352,0.358,0.178,0.166,0.231,2.72,3.74,1.92,59/199,4.31G,1.38,0.322,0.14,1.84,287,352,0.441,0.107,0.111,0.168,3.04,5.55,2.19,,,,,,,,,,,,,,,,,,,,,,,,,,,,,,
60/149,4.32G,1.35,0.421,0.164,1.93,127,352,0.347,0.2,0.17,0.25,2.88,3.24,1.94,60/199,6.45G,1.39,0.376,0.17,1.93,303,352,0.366,0.183,0.153,0.241,3.21,3.9,2.06,60/199,4.31G,1.22,0.341,0.115,1.68,484,352,0.377,0.179,0.169,0.237,2.69,3.83,1.91,60/199,4.31G,1.36,0.322,0.136,1.81,208,352,0.452,0.124,0.126,0.188,2.99,4.94,2.08,,,,,,,,,,,,,,,,,,,,,,,,,,,,,,
61/149,4.32G,1.37,0.415,0.158,1.95,178,352,0.362,0.201,0.172,0.254,2.85,3.25,1.89,61/199,6.45G,1.35,0.372,0.152,1.87,754,352,0.372,0.176,0.152,0.233,3.27,3.95,2.09,61/199,4.31G,1.21,0.338,0.118,1.67,597,352,0.386,0.177,0.164,0.236,2.82,3.81,1.81,61/199,4.31G,1.36,0.32,0.133,1.82,234,352,0.48,0.12,0.121,0.185,3.01,4.98,2.07,,,,,,,,,,,,,,,,,,,,,,,,,,,,,,
62/149,4.32G,1.39,0.405,0.166,1.97,419,352,0.364,0.202,0.173,0.253,2.85,3.21,1.92,62/199,6.45G,1.42,0.365,0.154,1.94,367,352,0.366,0.18,0.156,0.237,3.36,3.92,2.22,62/199,4.31G,1.15,0.334,0.105,1.59,403,352,0.401,0.183,0.171,0.241,2.7,3.77,1.84,62/199,4.31G,1.37,0.319,0.12,1.8,328,352,0.447,0.135,0.133,0.201,3.03,4.58,2.03,,,,,,,,,,,,,,,,,,,,,,,,,,,,,,
63/149,4.32G,1.39,0.407,0.16,1.96,234,352,0.373,0.2,0.171,0.255,3.07,3.28,1.95,63/199,6.45G,1.33,0.36,0.148,1.83,499,352,0.367,0.182,0.156,0.237,3.23,3.92,2.1,63/199,4.31G,1.19,0.33,0.113,1.63,435,352,0.371,0.189,0.171,0.244,2.69,3.81,2.02,63/199,4.31G,1.41,0.318,0.168,1.9,395,352,0.413,0.123,0.123,0.185,2.93,4.79,2.1,,,,,,,,,,,,,,,,,,,,,,,,,,,,,,
64/149,4.32G,1.35,0.398,0.154,1.9,336,352,0.363,0.197,0.17,0.249,2.89,3.32,1.97,64/199,6.45G,1.3,0.361,0.144,1.81,404,352,0.363,0.168,0.153,0.225,3.28,4.02,2.1,64/199,4.31G,1.15,0.323,0.118,1.59,410,352,0.378,0.183,0.171,0.241,2.8,3.84,1.96,64/199,4.31G,1.34,0.315,0.131,1.78,378,352,0.42,0.127,0.127,0.19,2.99,4.8,2,,,,,,,,,,,,,,,,,,,,,,,,,,,,,,
65/149,4.32G,1.39,0.399,0.154,1.94,167,352,0.388,0.194,0.168,0.25,2.85,3.33,1.93,65/199,6.45G,1.29,0.357,0.144,1.79,542,352,0.363,0.176,0.154,0.231,3.21,4,2.11,65/199,4.31G,1.15,0.319,0.112,1.58,476,352,0.395,0.182,0.17,0.243,2.75,3.85,1.9,65/199,4.31G,1.4,0.314,0.128,1.84,532,352,0.443,0.148,0.139,0.215,3.05,4.39,1.9,,,,,,,,,,,,,,,,,,,,,,,,,,,,,,
66/149,4.32G,1.32,0.387,0.163,1.87,205,352,0.371,0.197,0.167,0.253,2.75,3.36,1.91,66/199,6.45G,1.31,0.361,0.134,1.81,657,352,0.364,0.171,0.15,0.228,3.19,4.02,2.1,66/199,4.31G,1.12,0.322,0.106,1.55,337,352,0.407,0.188,0.169,0.247,2.7,3.76,2,66/199,4.31G,1.38,0.313,0.145,1.84,405,352,0.407,0.134,0.134,0.199,2.91,4.68,2.07,,,,,,,,,,,,,,,,,,,,,,,,,,,,,,
67/149,4.32G,1.38,0.387,0.163,1.93,235,352,0.393,0.195,0.171,0.253,2.74,3.37,1.91,67/199,6.45G,1.35,0.349,0.135,1.84,493,352,0.379,0.168,0.151,0.225,3.4,4.03,2.18,67/199,4.31G,1.13,0.319,0.103,1.55,489,352,0.389,0.185,0.166,0.242,2.74,3.87,1.98,67/199,4.31G,1.33,0.308,0.125,1.76,294,352,0.431,0.123,0.125,0.186,3.05,4.81,2.22,,,,,,,,,,,,,,,,,,,,,,,,,,,,,,
68/149,4.32G,1.26,0.379,0.163,1.8,183,352,0.361,0.205,0.173,0.258,2.82,3.33,1.86,68/199,6.45G,1.31,0.348,0.142,1.8,383,352,0.383,0.175,0.157,0.234,3.28,4.03,2.2,68/199,4.31G,1.12,0.309,0.104,1.54,380,352,0.395,0.181,0.171,0.24,2.69,3.89,2.05,68/199,4.31G,1.28,0.304,0.119,1.71,594,352,0.425,0.133,0.129,0.198,3.03,4.66,2.07,,,,,,,,,,,,,,,,,,,,,,,,,,,,,,
69/149,4.32G,1.23,0.376,0.142,1.75,169,352,0.366,0.196,0.168,0.251,2.8,3.45,1.9,69/199,6.45G,1.25,0.344,0.122,1.71,482,352,0.352,0.173,0.155,0.227,3.29,4.06,2.14,69/199,4.31G,1.08,0.312,0.108,1.5,285,352,0.377,0.179,0.169,0.234,2.7,3.9,2.05,69/199,4.31G,1.33,0.302,0.122,1.76,174,352,0.392,0.135,0.129,0.197,2.98,4.68,2.04,,,,,,,,,,,,,,,,,,,,,,,,,,,,,,
70/149,4.32G,1.21,0.376,0.148,1.74,515,352,0.375,0.197,0.167,0.252,2.74,3.41,1.9,70/199,6.45G,1.37,0.343,0.138,1.85,258,352,0.354,0.17,0.152,0.226,3.13,4.09,2.24,70/199,4.31G,1.11,0.309,0.103,1.52,421,352,0.382,0.175,0.167,0.233,2.65,3.98,2.01,70/199,4.31G,1.25,0.303,0.12,1.68,328,352,0.402,0.138,0.136,0.202,2.91,4.52,2.02,,,,,,,,,,,,,,,,,,,,,,,,,,,,,,
71/149,4.32G,1.28,0.377,0.144,1.8,85,352,0.364,0.194,0.167,0.249,2.79,3.39,1.91,71/199,6.45G,1.32,0.34,0.142,1.8,350,352,0.367,0.172,0.157,0.227,3.21,4.01,2.18,71/199,4.31G,1.13,0.31,0.104,1.54,365,352,0.36,0.177,0.166,0.232,2.74,3.88,1.92,71/199,4.31G,1.23,0.299,0.111,1.64,291,352,0.434,0.122,0.12,0.184,2.99,5.08,2.34,,,,,,,,,,,,,,,,,,,,,,,,,,,,,,
72/149,4.32G,1.22,0.372,0.147,1.74,203,352,0.367,0.198,0.166,0.252,2.82,3.41,1.92,72/199,6.45G,1.31,0.332,0.128,1.77,306,352,0.366,0.172,0.155,0.227,3.38,4.13,2.16,72/199,4.31G,1.04,0.306,0.101,1.44,363,352,0.401,0.176,0.171,0.235,2.71,3.89,1.9,72/199,4.31G,1.27,0.296,0.114,1.68,252,352,0.428,0.128,0.128,0.192,3,4.92,2.23,,,,,,,,,,,,,,,,,,,,,,,,,,,,,,
73/149,4.32G,1.22,0.358,0.143,1.72,171,352,0.374,0.203,0.167,0.259,2.8,3.42,1.93,73/199,6.45G,1.3,0.339,0.131,1.77,467,352,0.363,0.17,0.153,0.225,3.22,4.01,2.16,73/199,4.31G,1.02,0.299,0.101,1.42,588,352,0.39,0.178,0.171,0.236,2.72,3.9,1.97,73/199,4.31G,1.29,0.287,0.115,1.69,355,352,0.435,0.138,0.137,0.206,2.94,4.98,2.22,,,,,,,,,,,,,,,,,,,,,,,,,,,,,,
74/149,4.32G,1.21,0.352,0.134,1.7,80,352,0.362,0.2,0.167,0.254,2.76,3.43,1.93,74/199,6.45G,1.28,0.334,0.131,1.75,553,352,0.384,0.172,0.156,0.23,3.26,4.11,2.12,74/199,4.31G,1.03,0.295,0.103,1.43,329,352,0.375,0.175,0.172,0.23,2.68,3.86,1.98,74/199,4.31G,1.25,0.29,0.123,1.66,217,352,0.464,0.119,0.124,0.183,2.96,5.29,2.57,,,,,,,,,,,,,,,,,,,,,,,,,,,,,,
75/149,4.32G,1.18,0.355,0.144,1.68,188,352,0.373,0.2,0.172,0.254,2.73,3.47,1.95,75/199,6.45G,1.17,0.325,0.12,1.61,634,352,0.388,0.175,0.156,0.235,3.29,4.13,2.23,75/199,4.31G,1.04,0.298,0.0973,1.43,510,352,0.396,0.183,0.174,0.238,2.67,3.89,1.95,75/199,4.31G,1.19,0.282,0.122,1.6,1.19E+03,352,0.482,0.118,0.122,0.184,2.95,5.33,2.33,,,,,,,,,,,,,,,,,,,,,,,,,,,,,,
76/149,4.32G,1.08,0.348,0.133,1.56,189,352,0.367,0.199,0.168,0.252,2.73,3.43,1.99,76/199,6.45G,1.19,0.318,0.114,1.62,381,352,0.379,0.172,0.155,0.23,3.23,4.11,2.18,76/199,4.31G,1.03,0.296,0.101,1.42,320,352,0.397,0.175,0.166,0.235,2.65,3.99,1.97,76/199,4.31G,1.22,0.28,0.113,1.62,293,352,0.487,0.125,0.125,0.192,2.88,5.12,2.33,,,,,,,,,,,,,,,,,,,,,,,,,,,,,,
77/149,4.32G,1.13,0.341,0.13,1.6,243,352,0.367,0.197,0.168,0.251,2.78,3.53,2.06,77/199,6.45G,1.33,0.324,0.118,1.77,353,352,0.382,0.175,0.152,0.234,3.56,4.04,2.14,77/199,4.31G,1.03,0.297,0.0964,1.42,215,352,0.357,0.179,0.164,0.23,2.72,3.9,1.96,77/199,4.31G,1.22,0.28,0.11,1.61,219,352,0.436,0.136,0.13,0.203,2.9,4.95,2.23,,,,,,,,,,,,,,,,,,,,,,,,,,,,,,
78/149,4.32G,1.16,0.347,0.121,1.63,228,352,0.37,0.202,0.169,0.257,2.81,3.45,2.1,78/199,6.45G,1.26,0.32,0.129,1.71,621,352,0.383,0.174,0.152,0.231,3.24,4.15,2.21,78/199,4.31G,1.02,0.293,0.101,1.42,439,352,0.383,0.174,0.164,0.232,2.66,4.03,1.98,78/199,4.31G,1.2,0.276,0.109,1.58,289,352,0.407,0.141,0.132,0.205,2.96,4.86,2.13,,,,,,,,,,,,,,,,,,,,,,,,,,,,,,
79/149,4.32G,1.19,0.34,0.125,1.66,212,352,0.389,0.2,0.168,0.258,2.8,3.52,2.11,79/199,6.45G,1.21,0.323,0.129,1.66,534,352,0.392,0.171,0.156,0.231,3.28,4.15,2.19,79/199,4.31G,1,0.286,0.0954,1.38,347,352,0.388,0.17,0.165,0.228,2.69,4,1.98,79/199,4.31G,1.15,0.277,0.11,1.53,552,352,0.441,0.133,0.132,0.199,2.91,4.76,2.24,,,,,,,,,,,,,,,,,,,,,,,,,,,,,,
80/149,4.32G,1.1,0.338,0.119,1.55,303,352,0.369,0.198,0.169,0.252,2.79,3.48,2.04,80/199,6.45G,1.25,0.31,0.125,1.69,542,352,0.378,0.173,0.154,0.23,3.14,4.21,2.26,80/199,4.31G,0.987,0.283,0.092,1.36,397,352,0.385,0.176,0.166,0.234,2.74,3.96,2.01,80/199,4.31G,1.14,0.271,0.0988,1.51,386,352,0.452,0.131,0.131,0.198,2.95,4.87,2.3,,,,,,,,,,,,,,,,,,,,,,,,,,,,,,
81/149,4.32G,1.05,0.315,0.124,1.49,265,352,0.392,0.199,0.171,0.258,2.71,3.51,2.05,81/199,6.45G,1.16,0.308,0.115,1.58,478,352,0.357,0.175,0.15,0.23,3.18,4.16,2.23,81/199,4.31G,1.04,0.285,0.0999,1.42,743,352,0.375,0.175,0.163,0.231,2.68,3.98,2.05,81/199,4.31G,1.11,0.27,0.0983,1.48,321,352,0.45,0.122,0.126,0.187,2.91,5.21,2.33,,,,,,,,,,,,,,,,,,,,,,,,,,,,,,
82/149,4.32G,1.04,0.319,0.119,1.48,210,352,0.391,0.199,0.171,0.257,2.73,3.55,2.06,82/199,6.45G,1.11,0.308,0.11,1.52,1.32E+03,352,0.367,0.172,0.154,0.227,3.16,4.15,2.29,82/199,4.31G,0.983,0.281,0.0963,1.36,470,352,0.377,0.176,0.167,0.232,2.65,3.97,1.99,82/199,4.31G,1.09,0.264,0.0925,1.45,383,352,0.425,0.128,0.129,0.193,2.92,5.16,2.26,,,,,,,,,,,,,,,,,,,,,,,,,,,,,,
83/149,4.32G,1.07,0.319,0.125,1.51,257,352,0.37,0.192,0.166,0.248,2.75,3.54,2.03,83/199,6.45G,1.19,0.304,0.114,1.6,431,352,0.374,0.17,0.152,0.229,3.21,4.25,2.34,83/199,4.31G,1.01,0.279,0.0989,1.39,403,352,0.378,0.174,0.165,0.231,2.66,4.04,2.06,83/199,4.31G,1.11,0.268,0.101,1.48,255,352,0.443,0.126,0.126,0.19,2.93,5.18,2.39,,,,,,,,,,,,,,,,,,,,,,,,,,,,,,
84/149,4.32G,0.98,0.316,0.122,1.42,200,352,0.378,0.198,0.167,0.255,2.74,3.56,2.03,84/199,6.45G,1.31,0.303,0.122,1.73,424,352,0.367,0.177,0.154,0.233,3.21,4.16,2.3,84/199,4.31G,0.979,0.277,0.0912,1.35,359,352,0.396,0.176,0.167,0.233,2.67,4,1.97,84/199,4.31G,1.18,0.266,0.0988,1.54,294,352,0.424,0.133,0.132,0.198,2.91,4.88,2.29,,,,,,,,,,,,,,,,,,,,,,,,,,,,,,
85/149,4.32G,1.07,0.31,0.119,1.5,325,352,0.378,0.201,0.168,0.257,2.74,3.59,2.05,85/199,6.45G,1.15,0.3,0.125,1.58,496,352,0.39,0.169,0.153,0.228,3.31,4.2,2.28,85/199,4.31G,0.997,0.273,0.0899,1.36,470,352,0.39,0.178,0.164,0.236,2.67,4.06,2.04,85/199,4.31G,1.14,0.26,0.103,1.51,222,352,0.446,0.131,0.134,0.198,2.89,4.96,2.35,,,,,,,,,,,,,,,,,,,,,,,,,,,,,,
86/149,4.32G,1.07,0.308,0.116,1.49,288,352,0.374,0.197,0.166,0.252,2.73,3.59,2.04,86/199,6.45G,1.13,0.296,0.109,1.54,401,352,0.36,0.168,0.151,0.223,3.19,4.23,2.29,86/199,4.31G,0.969,0.277,0.0879,1.33,408,352,0.404,0.173,0.166,0.233,2.65,4.07,2.14,86/199,4.31G,1.11,0.257,0.102,1.47,279,352,0.438,0.132,0.13,0.197,2.93,5.03,2.34,,,,,,,,,,,,,,,,,,,,,,,,,,,,,,
87/149,4.32G,1,0.301,0.105,1.41,284,352,0.377,0.198,0.166,0.254,2.78,3.56,2.05,87/199,6.45G,1.1,0.292,0.103,1.49,635,352,0.367,0.163,0.153,0.219,3.18,4.29,2.31,87/199,4.31G,0.93,0.269,0.0862,1.29,569,352,0.384,0.175,0.167,0.233,2.67,4.05,2.07,87/199,4.31G,1.11,0.259,0.1,1.47,260,352,0.455,0.124,0.125,0.189,2.97,5.18,2.31,,,,,,,,,,,,,,,,,,,,,,,,,,,,,,
88/149,4.32G,1.04,0.306,0.116,1.46,279,352,0.389,0.198,0.167,0.255,2.67,3.58,2.06,88/199,6.45G,1.14,0.287,0.116,1.55,407,352,0.369,0.17,0.154,0.226,3.13,4.24,2.33,88/199,4.31G,0.908,0.27,0.0885,1.27,522,352,0.379,0.175,0.163,0.233,2.67,4.06,2,88/199,4.31G,1.1,0.258,0.0966,1.45,329,352,0.472,0.121,0.126,0.187,2.9,5.46,2.29,,,,,,,,,,,,,,,,,,,,,,,,,,,,,,
89/149,4.32G,0.953,0.296,0.111,1.36,219,352,0.372,0.193,0.165,0.248,2.69,3.61,2.11,89/199,6.45G,1.05,0.285,0.107,1.44,352,352,0.385,0.169,0.152,0.227,3.25,4.2,2.31,89/199,4.31G,0.906,0.263,0.0859,1.25,379,352,0.394,0.178,0.167,0.236,2.64,4.03,1.99,89/199,4.31G,1.05,0.251,0.1,1.41,173,352,0.466,0.122,0.122,0.19,2.88,5.71,2.34,,,,,,,,,,,,,,,,,,,,,,,,,,,,,,
90/149,4.32G,0.975,0.295,0.11,1.38,223,352,0.367,0.193,0.166,0.249,2.78,3.61,2.1,90/199,6.45G,1.08,0.284,0.109,1.48,631,352,0.371,0.169,0.153,0.226,3.15,4.23,2.31,90/199,4.31G,0.94,0.268,0.0854,1.29,379,352,0.383,0.177,0.166,0.236,2.66,4.06,2.06,90/199,4.31G,1.09,0.252,0.0882,1.43,395,352,0.439,0.129,0.13,0.195,2.88,5.15,2.29,,,,,,,,,,,,,,,,,,,,,,,,,,,,,,
91/149,4.32G,0.998,0.293,0.109,1.4,173,352,0.361,0.193,0.163,0.247,2.75,3.64,2.12,91/199,6.45G,1.14,0.281,0.106,1.53,672,352,0.376,0.165,0.15,0.223,3.16,4.28,2.28,91/199,4.31G,0.922,0.262,0.0854,1.27,494,352,0.382,0.174,0.162,0.231,2.71,4.04,2.08,91/199,4.31G,1.07,0.248,0.101,1.42,380,352,0.444,0.134,0.131,0.2,2.86,4.92,2.21,,,,,,,,,,,,,,,,,,,,,,,,,,,,,,
92/149,4.32G,0.946,0.285,0.106,1.34,274,352,0.363,0.196,0.171,0.248,2.66,3.63,2.12,92/199,6.45G,1.11,0.278,0.113,1.5,426,352,0.365,0.168,0.153,0.223,3.31,4.22,2.28,92/199,4.31G,0.973,0.261,0.0846,1.32,1.21E+03,352,0.389,0.172,0.162,0.231,2.7,4.07,2.08,92/199,4.31G,1.05,0.247,0.0998,1.39,397,352,0.425,0.131,0.13,0.196,2.83,5.08,2.28,,,,,,,,,,,,,,,,,,,,,,,,,,,,,,
93/149,4.32G,0.926,0.276,0.105,1.31,223,352,0.372,0.192,0.169,0.248,2.71,3.65,2.09,93/199,6.45G,1,0.271,0.112,1.39,482,352,0.369,0.17,0.152,0.227,3.17,4.26,2.28,93/199,4.31G,0.892,0.255,0.0878,1.23,234,352,0.381,0.17,0.167,0.227,2.68,4.1,2.11,93/199,4.31G,1.05,0.248,0.0885,1.38,415,352,0.465,0.123,0.125,0.189,2.92,5.26,2.24,,,,,,,,,,,,,,,,,,,,,,,,,,,,,,
94/149,4.32G,0.906,0.272,0.1,1.28,175,352,0.37,0.194,0.17,0.247,2.78,3.66,2.1,94/199,6.45G,1.08,0.27,0.105,1.46,430,352,0.39,0.164,0.152,0.223,3.25,4.37,2.31,94/199,4.31G,0.916,0.255,0.0864,1.26,327,352,0.369,0.169,0.165,0.223,2.64,4.02,2.12,94/199,4.31G,1.05,0.245,0.0922,1.38,230,352,0.504,0.118,0.122,0.184,3.01,5.48,2.29,,,,,,,,,,,,,,,,,,,,,,,,,,,,,,
95/149,4.32G,0.939,0.271,0.1,1.31,147,352,0.369,0.194,0.169,0.248,2.71,3.65,2.12,95/199,6.45G,1.05,0.282,0.102,1.44,657,352,0.379,0.165,0.15,0.223,3.23,4.31,2.31,95/199,4.31G,0.9,0.251,0.086,1.24,576,352,0.366,0.171,0.162,0.226,2.63,4.06,2.05,95/199,4.31G,1.05,0.244,0.0882,1.38,149,352,0.465,0.122,0.125,0.188,2.89,5.48,2.47,,,,,,,,,,,,,,,,,,,,,,,,,,,,,,
96/149,4.32G,0.853,0.267,0.105,1.23,157,352,0.371,0.194,0.169,0.248,2.72,3.68,2.13,96/199,6.45G,1.04,0.269,0.101,1.41,458,352,0.368,0.166,0.152,0.223,3.36,4.28,2.31,96/199,4.31G,0.864,0.252,0.0859,1.2,535,352,0.373,0.176,0.167,0.232,2.63,4.05,2.05,96/199,4.31G,1.02,0.239,0.094,1.35,145,352,0.44,0.134,0.136,0.202,2.87,5.09,2.3,,,,,,,,,,,,,,,,,,,,,,,,,,,,,,
97/149,4.32G,0.849,0.268,0.103,1.22,209,352,0.373,0.194,0.169,0.248,2.75,3.65,2.11,97/199,6.45G,1.04,0.272,0.0974,1.41,590,352,0.38,0.168,0.152,0.227,3.21,4.31,2.29,97/199,4.31G,0.874,0.251,0.0817,1.21,451,352,0.394,0.171,0.162,0.23,2.67,4.09,2.05,97/199,4.31G,0.991,0.242,0.0922,1.33,385,352,0.432,0.141,0.139,0.208,2.81,4.76,2.17,,,,,,,,,,,,,,,,,,,,,,,,,,,,,,
98/149,4.32G,0.891,0.265,0.0993,1.26,212,352,0.364,0.195,0.167,0.25,2.74,3.65,2.1,98/199,6.45G,1.04,0.271,0.097,1.41,426,352,0.358,0.169,0.152,0.225,3.18,4.29,2.35,98/199,4.31G,0.836,0.245,0.0814,1.16,639,352,0.385,0.173,0.166,0.23,2.71,4.11,2.09,98/199,4.31G,0.964,0.237,0.083,1.28,527,352,0.465,0.134,0.138,0.202,2.83,4.96,2.32,,,,,,,,,,,,,,,,,,,,,,,,,,,,,,
99/149,4.32G,0.812,0.26,0.0967,1.17,207,352,0.381,0.193,0.169,0.249,2.7,3.69,2.11,99/199,6.45G,1.02,0.268,0.0937,1.38,509,352,0.383,0.165,0.151,0.224,3.27,4.34,2.39,99/199,4.31G,0.85,0.243,0.0811,1.17,443,352,0.372,0.175,0.166,0.231,2.7,4.08,2.13,99/199,4.31G,0.974,0.233,0.0837,1.29,447,352,0.478,0.135,0.136,0.205,2.84,5.11,2.26,,,,,,,,,,,,,,,,,,,,,,,,,,,,,,
100/149,4.32G,0.852,0.256,0.101,1.21,189,352,0.377,0.196,0.172,0.252,2.71,3.73,2.1,100/199,6.45G,0.993,0.266,0.0969,1.36,613,352,0.372,0.169,0.155,0.226,3.19,4.27,2.34,100/199,4.31G,0.839,0.24,0.078,1.16,372,352,0.399,0.169,0.166,0.227,2.69,4.19,2.21,100/199,4.31G,0.98,0.233,0.0815,1.29,272,352,0.487,0.134,0.135,0.204,2.81,5.2,2.31,,,,,,,,,,,,,,,,,,,,,,,,,,,,,,
101/149,4.32G,0.809,0.251,0.096,1.16,192,352,0.38,0.193,0.171,0.25,2.72,3.72,2.12,101/199,6.45G,1.02,0.257,0.0945,1.37,478,352,0.389,0.165,0.153,0.223,3.25,4.36,2.3,101/199,4.31G,0.848,0.248,0.0767,1.17,319,352,0.398,0.177,0.164,0.239,2.68,4.12,2.16,101/199,4.31G,0.971,0.231,0.0898,1.29,411,352,0.424,0.132,0.131,0.197,2.86,5.18,2.4,,,,,,,,,,,,,,,,,,,,,,,,,,,,,,
102/149,4.32G,0.82,0.247,0.0892,1.16,333,352,0.379,0.2,0.169,0.257,2.71,3.72,2.13,102/199,6.45G,0.984,0.254,0.0959,1.33,543,352,0.368,0.169,0.153,0.227,3.18,4.36,2.33,102/199,4.31G,0.799,0.235,0.0788,1.11,419,352,0.369,0.173,0.166,0.229,2.68,4.13,2.25,102/199,4.31G,0.965,0.229,0.0874,1.28,311,352,0.476,0.125,0.125,0.193,2.88,5.69,2.58,,,,,,,,,,,,,,,,,,,,,,,,,,,,,,
103/149,4.32G,0.79,0.245,0.0873,1.12,260,352,0.378,0.194,0.169,0.251,2.65,3.74,2.15,103/199,6.45G,0.925,0.248,0.0957,1.27,507,352,0.373,0.167,0.156,0.224,3.16,4.36,2.31,103/199,4.31G,0.826,0.239,0.0798,1.15,476,352,0.399,0.168,0.166,0.226,2.67,4.13,2.2,103/199,4.31G,0.986,0.23,0.082,1.3,418,352,0.471,0.124,0.124,0.19,2.91,5.47,2.5,,,,,,,,,,,,,,,,,,,,,,,,,,,,,,
104/149,4.32G,0.785,0.245,0.0899,1.12,248,352,0.373,0.196,0.169,0.251,2.7,3.73,2.15,104/199,6.45G,0.934,0.244,0.0925,1.27,426,352,0.407,0.165,0.154,0.224,3.18,4.33,2.29,104/199,4.31G,0.873,0.237,0.0791,1.19,1.18E+03,352,0.382,0.17,0.166,0.227,2.68,4.16,2.2,104/199,4.31G,0.95,0.225,0.0814,1.26,275,352,0.468,0.126,0.128,0.193,2.84,5.3,2.37,,,,,,,,,,,,,,,,,,,,,,,,,,,,,,
105/149,4.32G,0.779,0.238,0.0904,1.11,178,352,0.367,0.195,0.168,0.249,2.68,3.72,2.15,105/199,6.45G,0.971,0.244,0.0879,1.3,363,352,0.388,0.172,0.155,0.229,3.21,4.32,2.34,105/199,4.31G,0.83,0.23,0.0824,1.14,417,352,0.374,0.175,0.166,0.231,2.68,4.13,2.16,105/199,4.31G,0.935,0.224,0.0807,1.24,194,352,0.465,0.126,0.128,0.193,2.87,5.39,2.5,,,,,,,,,,,,,,,,,,,,,,,,,,,,,,
106/149,4.32G,0.772,0.234,0.0893,1.1,120,352,0.375,0.195,0.17,0.25,2.69,3.75,2.15,106/199,6.45G,0.978,0.243,0.0925,1.31,447,352,0.376,0.163,0.152,0.221,3.24,4.4,2.39,106/199,4.31G,0.772,0.234,0.0735,1.08,590,352,0.377,0.171,0.163,0.229,2.63,4.19,2.12,106/199,4.31G,0.967,0.221,0.0822,1.27,385,352,0.465,0.133,0.133,0.201,2.82,5.19,2.4,,,,,,,,,,,,,,,,,,,,,,,,,,,,,,
107/149,4.32G,0.742,0.23,0.0857,1.06,176,352,0.366,0.193,0.17,0.246,2.69,3.77,2.16,107/199,6.45G,0.942,0.245,0.0942,1.28,374,352,0.372,0.164,0.15,0.221,3.24,4.38,2.36,107/199,4.31G,0.779,0.231,0.0756,1.09,267,352,0.385,0.17,0.166,0.226,2.66,4.18,2.1,107/199,4.31G,0.94,0.216,0.0804,1.24,235,352,0.448,0.136,0.136,0.203,2.81,4.99,2.36,,,,,,,,,,,,,,,,,,,,,,,,,,,,,,
108/149,4.32G,0.754,0.229,0.0852,1.07,249,352,0.37,0.194,0.171,0.249,2.73,3.78,2.17,108/199,6.45G,0.927,0.241,0.0922,1.26,472,352,0.384,0.162,0.152,0.22,3.24,4.41,2.35,108/199,4.31G,0.772,0.226,0.0735,1.07,438,352,0.381,0.17,0.163,0.229,2.68,4.21,2.15,108/199,4.31G,0.916,0.219,0.08,1.22,200,352,0.475,0.133,0.132,0.202,2.81,5.16,2.34,,,,,,,,,,,,,,,,,,,,,,,,,,,,,,
109/149,4.32G,0.709,0.224,0.0804,1.01,348,352,0.371,0.195,0.17,0.25,2.68,3.81,2.19,109/199,6.45G,0.947,0.239,0.0866,1.27,486,352,0.363,0.161,0.15,0.217,3.21,4.44,2.4,109/199,4.31G,0.781,0.223,0.0752,1.08,431,352,0.401,0.171,0.166,0.231,2.65,4.21,2.14,109/199,4.31G,0.899,0.218,0.0811,1.2,290,352,0.484,0.123,0.129,0.19,2.84,5.38,2.41,,,,,,,,,,,,,,,,,,,,,,,,,,,,,,
110/149,4.32G,0.72,0.219,0.0811,1.02,114,352,0.376,0.194,0.169,0.249,2.66,3.8,2.19,110/199,6.45G,0.923,0.232,0.0912,1.25,498,352,0.355,0.163,0.15,0.218,3.23,4.38,2.36,110/199,4.31G,0.759,0.219,0.0739,1.05,438,352,0.396,0.173,0.168,0.232,2.65,4.2,2.17,110/199,4.31G,0.877,0.217,0.0797,1.17,342,352,0.467,0.137,0.133,0.206,2.78,5.27,2.4,,,,,,,,,,,,,,,,,,,,,,,,,,,,,,
111/149,4.32G,0.703,0.217,0.0783,0.998,397,352,0.374,0.192,0.17,0.247,2.68,3.82,2.2,111/199,6.45G,0.94,0.24,0.0849,1.26,482,352,0.381,0.163,0.152,0.221,3.22,4.44,2.41,111/199,4.31G,0.737,0.218,0.0732,1.03,429,352,0.37,0.17,0.165,0.226,2.64,4.22,2.19,111/199,4.31G,0.867,0.217,0.0735,1.16,697,352,0.425,0.14,0.134,0.207,2.81,5.19,2.39,,,,,,,,,,,,,,,,,,,,,,,,,,,,,,
112/149,4.32G,0.728,0.212,0.082,1.02,229,352,0.369,0.194,0.169,0.248,2.67,3.85,2.2,112/199,6.45G,0.91,0.234,0.0884,1.23,466,352,0.373,0.165,0.153,0.222,3.17,4.39,2.35,112/199,4.31G,0.735,0.22,0.0733,1.03,577,352,0.412,0.171,0.165,0.23,2.69,4.21,2.14,112/199,4.31G,0.858,0.214,0.0743,1.15,348,352,0.481,0.121,0.126,0.186,2.85,5.57,2.67,,,,,,,,,,,,,,,,,,,,,,,,,,,,,,
113/149,4.32G,0.723,0.215,0.0837,1.02,233,352,0.378,0.194,0.17,0.25,2.71,3.86,2.19,113/199,6.45G,0.868,0.231,0.0851,1.18,328,352,0.381,0.169,0.152,0.225,3.19,4.39,2.36,113/199,4.31G,0.739,0.22,0.0703,1.03,525,352,0.397,0.174,0.168,0.233,2.64,4.22,2.14,113/199,4.31G,0.889,0.212,0.0749,1.18,346,352,0.474,0.12,0.123,0.186,2.88,5.53,2.62,,,,,,,,,,,,,,,,,,,,,,,,,,,,,,
114/149,4.32G,0.668,0.209,0.0801,0.957,256,352,0.375,0.194,0.169,0.25,2.66,3.84,2.21,114/199,6.45G,0.9,0.22,0.0838,1.2,280,352,0.378,0.163,0.151,0.221,3.28,4.49,2.43,114/199,4.31G,0.758,0.219,0.0707,1.05,249,352,0.405,0.172,0.167,0.232,2.66,4.29,2.18,114/199,4.31G,0.864,0.208,0.0713,1.14,325,352,0.46,0.124,0.127,0.191,2.86,5.51,2.52,,,,,,,,,,,,,,,,,,,,,,,,,,,,,,
115/149,4.32G,0.682,0.206,0.0784,0.966,139,352,0.384,0.197,0.17,0.253,2.68,3.86,2.23,115/199,6.45G,0.896,0.225,0.0843,1.21,396,352,0.392,0.162,0.151,0.221,3.21,4.49,2.4,115/199,4.31G,0.729,0.216,0.0709,1.02,378,352,0.384,0.173,0.167,0.229,2.64,4.24,2.24,115/199,4.31G,0.825,0.206,0.0746,1.11,446,352,0.461,0.124,0.126,0.191,2.82,5.63,2.63,,,,,,,,,,,,,,,,,,,,,,,,,,,,,,
116/149,4.32G,0.659,0.2,0.078,0.937,323,352,0.373,0.195,0.171,0.25,2.67,3.86,2.23,116/199,6.45G,0.869,0.224,0.0861,1.18,321,352,0.37,0.167,0.152,0.224,3.21,4.45,2.43,116/199,4.31G,0.738,0.209,0.0696,1.02,487,352,0.385,0.171,0.166,0.229,2.68,4.24,2.27,116/199,4.31G,0.827,0.205,0.0703,1.1,346,352,0.483,0.124,0.129,0.191,2.84,5.53,2.59,,,,,,,,,,,,,,,,,,,,,,,,,,,,,,
117/149,4.32G,0.644,0.197,0.0752,0.916,243,352,0.374,0.196,0.17,0.251,2.67,3.87,2.24,117/199,6.45G,0.85,0.218,0.09,1.16,446,352,0.369,0.159,0.151,0.216,3.24,4.46,2.37,117/199,4.31G,0.747,0.209,0.0724,1.03,494,352,0.391,0.174,0.168,0.232,2.66,4.23,2.17,117/199,4.31G,0.834,0.199,0.07,1.1,124,352,0.452,0.129,0.133,0.196,2.91,5.37,2.57,,,,,,,,,,,,,,,,,,,,,,,,,,,,,,
118/149,4.32G,0.639,0.195,0.0754,0.909,175,352,0.381,0.197,0.169,0.254,2.69,3.89,2.25,118/199,6.45G,0.855,0.216,0.0856,1.16,544,352,0.39,0.161,0.151,0.22,3.17,4.51,2.44,118/199,4.31G,0.752,0.211,0.0678,1.03,443,352,0.391,0.17,0.167,0.229,2.64,4.27,2.22,118/199,4.31G,0.874,0.201,0.0727,1.15,346,352,0.463,0.131,0.131,0.201,2.81,5.48,2.53,,,,,,,,,,,,,,,,,,,,,,,,,,,,,,
119/149,4.32G,0.646,0.193,0.0733,0.912,180,352,0.366,0.199,0.169,0.252,2.7,3.89,2.25,119/199,6.45G,0.824,0.219,0.0834,1.13,404,352,0.37,0.163,0.149,0.22,3.19,4.49,2.46,119/199,4.31G,0.699,0.205,0.0676,0.971,549,352,0.396,0.174,0.166,0.233,2.64,4.26,2.18,119/199,4.31G,0.923,0.204,0.0746,1.2,604,352,0.521,0.116,0.127,0.181,2.85,5.61,2.56,,,,,,,,,,,,,,,,,,,,,,,,,,,,,,
120/149,4.32G,0.609,0.193,0.069,0.87,253,352,0.372,0.194,0.169,0.248,2.68,3.89,2.26,120/199,6.45G,0.798,0.209,0.0798,1.09,510,352,0.368,0.166,0.151,0.224,3.16,4.5,2.45,120/199,4.31G,0.698,0.205,0.068,0.971,531,352,0.393,0.173,0.167,0.232,2.64,4.26,2.18,120/199,4.31G,0.843,0.196,0.0875,1.13,308,352,0.481,0.121,0.126,0.186,2.82,5.49,2.51,,,,,,,,,,,,,,,,,,,,,,,,,,,,,,
121/149,4.32G,0.63,0.19,0.0717,0.891,148,352,0.37,0.199,0.171,0.252,2.7,3.9,2.26,121/199,6.45G,0.813,0.211,0.0755,1.1,494,352,0.374,0.168,0.152,0.226,3.18,4.52,2.47,121/199,4.31G,0.726,0.202,0.0683,0.996,374,352,0.384,0.173,0.165,0.231,2.67,4.26,2.23,121/199,4.31G,0.811,0.196,0.0768,1.08,254,352,0.461,0.132,0.136,0.199,2.83,5.18,2.53,,,,,,,,,,,,,,,,,,,,,,,,,,,,,,
122/149,4.32G,0.609,0.186,0.069,0.864,278,352,0.373,0.196,0.169,0.251,2.69,3.92,2.27,122/199,6.45G,0.78,0.205,0.079,1.06,518,352,0.395,0.165,0.152,0.224,3.18,4.57,2.48,122/199,4.31G,0.698,0.198,0.0692,0.966,411,352,0.401,0.173,0.167,0.233,2.66,4.28,2.21,122/199,4.31G,0.819,0.196,0.0718,1.09,496,352,0.466,0.129,0.131,0.197,2.83,5.43,2.61,,,,,,,,,,,,,,,,,,,,,,,,,,,,,,
123/149,4.32G,0.63,0.186,0.0665,0.882,161,352,0.376,0.196,0.168,0.251,2.71,3.93,2.29,123/199,6.45G,0.788,0.205,0.0742,1.07,510,352,0.38,0.166,0.153,0.224,3.2,4.51,2.5,123/199,4.31G,0.671,0.194,0.0687,0.934,365,352,0.39,0.171,0.167,0.23,2.63,4.32,2.22,123/199,4.31G,0.783,0.195,0.0758,1.05,1.33E+03,352,0.468,0.116,0.124,0.181,2.81,5.7,2.65,,,,,,,,,,,,,,,,,,,,,,,,,,,,,,
124/149,4.32G,0.568,0.183,0.0667,0.818,267,352,0.373,0.196,0.168,0.251,2.68,3.94,2.3,124/199,6.45G,0.783,0.204,0.0759,1.06,449,352,0.38,0.166,0.152,0.225,3.17,4.6,2.48,124/199,4.31G,0.67,0.195,0.0666,0.931,503,352,0.402,0.171,0.165,0.229,2.64,4.32,2.23,124/199,4.31G,0.771,0.188,0.0656,1.02,300,352,0.446,0.131,0.131,0.197,2.8,5.42,2.51,,,,,,,,,,,,,,,,,,,,,,,,,,,,,,
125/149,4.32G,0.574,0.18,0.0687,0.823,269,352,0.369,0.196,0.17,0.25,2.68,3.93,2.29,125/199,6.45G,0.802,0.202,0.0777,1.08,531,352,0.374,0.165,0.151,0.224,3.28,4.54,2.52,125/199,4.31G,0.679,0.194,0.0652,0.938,556,352,0.398,0.171,0.167,0.229,2.68,4.33,2.25,125/199,4.31G,0.786,0.189,0.0656,1.04,331,352,0.468,0.122,0.123,0.19,2.84,5.84,2.67,,,,,,,,,,,,,,,,,,,,,,,,,,,,,,
126/149,4.32G,0.551,0.178,0.065,0.795,163,352,0.378,0.197,0.169,0.253,2.68,3.95,2.3,126/199,6.45G,0.767,0.198,0.0767,1.04,442,352,0.381,0.164,0.15,0.221,3.19,4.53,2.56,126/199,4.31G,0.69,0.191,0.0655,0.947,370,352,0.397,0.17,0.167,0.229,2.63,4.33,2.32,126/199,4.31G,0.773,0.189,0.065,1.03,356,352,0.483,0.121,0.126,0.187,2.84,5.71,2.65,,,,,,,,,,,,,,,,,,,,,,,,,,,,,,
127/149,4.32G,0.557,0.175,0.0685,0.8,269,352,0.378,0.198,0.168,0.253,2.65,3.96,2.32,127/199,6.45G,0.771,0.199,0.0759,1.05,444,352,0.372,0.162,0.15,0.22,3.18,4.56,2.48,127/199,4.31G,0.658,0.188,0.0645,0.911,495,352,0.405,0.168,0.165,0.227,2.65,4.36,2.28,127/199,4.31G,0.764,0.185,0.0642,1.01,307,352,0.477,0.122,0.128,0.188,2.83,5.7,2.62,,,,,,,,,,,,,,,,,,,,,,,,,,,,,,
128/149,4.32G,0.553,0.173,0.0661,0.792,210,352,0.38,0.197,0.17,0.252,2.66,3.97,2.32,128/199,6.45G,0.774,0.197,0.0701,1.04,560,352,0.384,0.164,0.152,0.223,3.24,4.6,2.49,128/199,4.31G,0.65,0.192,0.0622,0.904,649,352,0.384,0.171,0.164,0.229,2.66,4.37,2.27,128/199,4.31G,0.768,0.184,0.0654,1.02,330,352,0.494,0.122,0.127,0.19,2.81,5.79,2.67,,,,,,,,,,,,,,,,,,,,,,,,,,,,,,
129/149,4.32G,0.516,0.17,0.0592,0.745,156,352,0.37,0.195,0.169,0.249,2.68,3.98,2.33,129/199,6.45G,0.765,0.193,0.0736,1.03,644,352,0.378,0.164,0.153,0.221,3.21,4.62,2.52,129/199,4.31G,0.652,0.189,0.0621,0.903,381,352,0.368,0.168,0.163,0.224,2.66,4.35,2.24,129/199,4.31G,0.766,0.185,0.0665,1.02,429,352,0.478,0.117,0.124,0.183,2.81,5.91,2.72,,,,,,,,,,,,,,,,,,,,,,,,,,,,,,
130/149,4.32G,0.523,0.171,0.0598,0.754,289,352,0.372,0.197,0.169,0.252,2.67,3.97,2.35,130/199,6.45G,0.792,0.192,0.0743,1.06,515,352,0.381,0.161,0.15,0.219,3.18,4.62,2.53,130/199,4.31G,0.65,0.184,0.0631,0.898,369,352,0.397,0.171,0.166,0.229,2.64,4.33,2.24,130/199,4.31G,0.738,0.182,0.0655,0.986,251,352,0.484,0.128,0.128,0.197,2.81,5.65,2.71,,,,,,,,,,,,,,,,,,,,,,,,,,,,,,
131/149,4.32G,0.522,0.168,0.0591,0.749,152,352,0.37,0.196,0.169,0.25,2.68,3.99,2.36,131/199,6.45G,0.744,0.186,0.0712,1,654,352,0.399,0.163,0.15,0.221,3.22,4.58,2.52,131/199,4.31G,0.639,0.183,0.0615,0.884,370,352,0.388,0.168,0.167,0.226,2.64,4.36,2.24,131/199,4.31G,0.721,0.178,0.0621,0.961,290,352,0.487,0.123,0.126,0.191,2.82,5.75,2.69,,,,,,,,,,,,,,,,,,,,,,,,,,,,,,
132/149,4.32G,0.537,0.166,0.0649,0.768,208,352,0.374,0.196,0.168,0.251,2.67,4,2.36,132/199,6.45G,0.755,0.185,0.0726,1.01,469,352,0.375,0.164,0.152,0.222,3.2,4.62,2.53,132/199,4.31G,0.636,0.182,0.0624,0.88,702,352,0.402,0.17,0.168,0.228,2.65,4.38,2.31,132/199,4.31G,0.737,0.177,0.0605,0.975,425,352,0.477,0.121,0.126,0.188,2.83,5.77,2.58,,,,,,,,,,,,,,,,,,,,,,,,,,,,,,
133/149,4.32G,0.528,0.166,0.0603,0.754,293,352,0.376,0.197,0.169,0.251,2.67,4,2.36,133/199,6.45G,0.727,0.183,0.0746,0.984,448,352,0.382,0.166,0.152,0.224,3.18,4.61,2.56,133/199,4.31G,0.66,0.181,0.0621,0.903,542,352,0.387,0.173,0.166,0.231,2.66,4.35,2.31,133/199,4.31G,0.735,0.176,0.0603,0.972,387,352,0.515,0.116,0.123,0.182,2.81,5.98,2.74,,,,,,,,,,,,,,,,,,,,,,,,,,,,,,
134/149,4.32G,0.531,0.164,0.0628,0.757,114,352,0.374,0.192,0.169,0.247,2.68,4.01,2.37,134/199,6.45G,0.702,0.185,0.07,0.957,489,352,0.384,0.164,0.152,0.223,3.19,4.63,2.55,134/199,4.31G,0.638,0.182,0.0631,0.883,1.28E+03,352,0.406,0.172,0.168,0.231,2.66,4.4,2.32,134/199,4.31G,0.705,0.172,0.0635,0.941,241,352,0.484,0.116,0.124,0.181,2.81,5.9,2.79,,,,,,,,,,,,,,,,,,,,,,,,,,,,,,
135/149,4.32G,0.509,0.162,0.0588,0.729,203,352,0.373,0.197,0.169,0.251,2.66,4.01,2.37,135/199,6.45G,0.734,0.181,0.0692,0.985,532,352,0.381,0.164,0.151,0.223,3.18,4.63,2.58,135/199,4.31G,0.62,0.175,0.0617,0.857,370,352,0.397,0.172,0.167,0.231,2.65,4.39,2.29,135/199,4.31G,0.688,0.171,0.0591,0.918,237,352,0.481,0.117,0.122,0.182,2.83,6.04,2.78,,,,,,,,,,,,,,,,,,,,,,,,,,,,,,
136/149,4.32G,0.509,0.161,0.0618,0.731,209,352,0.378,0.196,0.168,0.252,2.67,4.02,2.39,136/199,6.45G,0.724,0.178,0.0681,0.97,367,352,0.379,0.162,0.151,0.221,3.2,4.68,2.59,136/199,4.31G,0.598,0.171,0.0597,0.829,358,352,0.395,0.172,0.166,0.231,2.64,4.4,2.28,136/199,4.31G,0.713,0.171,0.0593,0.943,362,352,0.469,0.118,0.124,0.183,2.82,5.94,2.78,,,,,,,,,,,,,,,,,,,,,,,,,,,,,,
137/149,4.32G,0.5,0.162,0.0576,0.72,321,352,0.368,0.191,0.169,0.245,2.67,4.03,2.39,137/199,6.45G,0.716,0.176,0.0682,0.96,1.35E+03,352,0.377,0.164,0.152,0.222,3.21,4.64,2.56,137/199,4.31G,0.613,0.172,0.0573,0.842,396,352,0.405,0.175,0.165,0.236,2.63,4.42,2.3,137/199,4.31G,0.703,0.172,0.0612,0.936,1.16E+03,352,0.489,0.116,0.122,0.18,2.84,5.98,2.74,,,,,,,,,,,,,,,,,,,,,,,,,,,,,,
138/149,4.32G,0.492,0.159,0.0576,0.708,206,352,0.373,0.196,0.169,0.25,2.66,4.02,2.39,138/199,6.45G,0.677,0.173,0.0658,0.917,688,352,0.373,0.164,0.152,0.221,3.26,4.62,2.58,138/199,4.31G,0.58,0.167,0.0582,0.806,525,352,0.39,0.17,0.165,0.227,2.64,4.4,2.29,138/199,4.31G,0.678,0.166,0.0578,0.902,1.09E+03,352,0.488,0.122,0.124,0.189,2.81,5.9,2.69,,,,,,,,,,,,,,,,,,,,,,,,,,,,,,
139/149,4.32G,0.497,0.158,0.0586,0.714,73,352,0.371,0.193,0.169,0.247,2.67,4.02,2.4,139/199,6.45G,0.672,0.174,0.0676,0.914,509,352,0.381,0.163,0.151,0.22,3.23,4.64,2.58,139/199,4.31G,0.566,0.166,0.0572,0.789,431,352,0.393,0.169,0.166,0.227,2.64,4.42,2.31,139/199,4.31G,0.673,0.166,0.0579,0.897,404,352,0.511,0.118,0.123,0.185,2.83,6,2.76,,,,,,,,,,,,,,,,,,,,,,,,,,,,,,
140/149,4.32G,0.505,0.158,0.0586,0.721,300,352,0.374,0.195,0.168,0.25,2.66,4.04,2.4,140/199,6.45G,0.688,0.17,0.0666,0.925,455,352,0.381,0.162,0.151,0.22,3.23,4.66,2.61,140/199,4.31G,0.565,0.165,0.0557,0.785,626,352,0.392,0.172,0.166,0.229,2.63,4.41,2.31,140/199,4.31G,0.668,0.164,0.057,0.889,310,352,0.509,0.125,0.128,0.194,2.82,5.77,2.73,,,,,,,,,,,,,,,,,,,,,,,,,,,,,,
141/149,4.32G,0.504,0.159,0.0565,0.72,122,352,0.368,0.191,0.169,0.245,2.66,4.04,2.4,141/199,6.45G,0.667,0.171,0.0648,0.903,422,352,0.375,0.163,0.15,0.22,3.19,4.66,2.62,141/199,4.31G,0.582,0.162,0.0566,0.801,307,352,0.401,0.169,0.166,0.228,2.64,4.46,2.33,141/199,4.31G,0.668,0.161,0.056,0.885,199,352,0.471,0.119,0.125,0.184,2.82,5.91,2.78,,,,,,,,,,,,,,,,,,,,,,,,,,,,,,
142/149,4.32G,0.502,0.158,0.0552,0.715,196,352,0.364,0.193,0.169,0.246,2.67,4.04,2.42,142/199,6.45G,0.667,0.165,0.0673,0.9,485,352,0.389,0.163,0.151,0.222,3.17,4.68,2.58,142/199,4.31G,0.589,0.162,0.0564,0.808,409,352,0.404,0.171,0.164,0.23,2.64,4.45,2.32,142/199,4.31G,0.686,0.163,0.0578,0.907,549,352,0.48,0.124,0.127,0.19,2.81,5.78,2.79,,,,,,,,,,,,,,,,,,,,,,,,,,,,,,
143/149,4.32G,0.508,0.156,0.0573,0.722,236,352,0.37,0.193,0.17,0.246,2.68,4.05,2.42,143/199,6.45G,0.699,0.165,0.0669,0.931,651,352,0.39,0.165,0.152,0.223,3.19,4.7,2.62,143/199,4.31G,0.582,0.161,0.0575,0.801,460,352,0.406,0.171,0.167,0.23,2.65,4.46,2.31,143/199,4.31G,0.667,0.162,0.0558,0.885,231,352,0.473,0.125,0.127,0.192,2.81,5.86,2.77,,,,,,,,,,,,,,,,,,,,,,,,,,,,,,
144/149,4.32G,0.495,0.156,0.0526,0.704,209,352,0.372,0.192,0.169,0.246,2.66,4.05,2.42,144/199,6.45G,0.677,0.165,0.0646,0.907,432,352,0.387,0.163,0.151,0.222,3.2,4.72,2.62,144/199,4.31G,0.56,0.159,0.0557,0.774,571,352,0.393,0.169,0.166,0.226,2.65,4.46,2.32,144/199,4.31G,0.659,0.16,0.0555,0.875,323,352,0.485,0.119,0.125,0.184,2.79,5.95,2.76,,,,,,,,,,,,,,,,,,,,,,,,,,,,,,
145/149,4.32G,0.491,0.154,0.0564,0.702,183,352,0.376,0.193,0.169,0.247,2.67,4.05,2.43,145/199,6.45G,0.68,0.162,0.067,0.909,520,352,0.372,0.164,0.152,0.221,3.2,4.7,2.63,145/199,4.31G,0.571,0.159,0.0548,0.785,432,352,0.395,0.17,0.167,0.227,2.64,4.42,2.32,145/199,4.31G,0.644,0.158,0.0557,0.857,241,352,0.469,0.12,0.127,0.185,2.81,5.88,2.77,,,,,,,,,,,,,,,,,,,,,,,,,,,,,,
146/149,4.32G,0.48,0.154,0.056,0.69,222,352,0.379,0.195,0.168,0.25,2.67,4.06,2.43,146/199,6.45G,0.642,0.161,0.0631,0.866,358,352,0.375,0.162,0.152,0.22,3.18,4.71,2.64,146/199,4.31G,0.577,0.155,0.0556,0.787,382,352,0.392,0.17,0.165,0.228,2.65,4.47,2.33,146/199,4.31G,0.653,0.158,0.0571,0.868,160,352,0.502,0.122,0.127,0.188,2.82,5.85,2.79,,,,,,,,,,,,,,,,,,,,,,,,,,,,,,
147/149,4.32G,0.472,0.153,0.0523,0.678,153,352,0.375,0.194,0.17,0.249,2.66,4.06,2.43,147/199,6.45G,0.662,0.158,0.0667,0.886,408,352,0.375,0.164,0.152,0.221,3.23,4.7,2.66,147/199,4.31G,0.538,0.153,0.0532,0.744,402,352,0.395,0.17,0.165,0.228,2.64,4.48,2.31,147/199,4.31G,0.628,0.158,0.0547,0.841,241,352,0.498,0.123,0.128,0.189,2.8,5.8,2.79,,,,,,,,,,,,,,,,,,,,,,,,,,,,,,
148/149,4.32G,0.487,0.154,0.055,0.695,167,352,0.373,0.191,0.169,0.245,2.67,4.07,2.43,148/199,6.45G,0.612,0.155,0.0651,0.832,305,352,0.375,0.164,0.152,0.221,3.18,4.71,2.66,148/199,4.31G,0.522,0.149,0.0524,0.724,417,352,0.386,0.169,0.166,0.226,2.65,4.49,2.35,148/199,4.31G,0.641,0.153,0.0544,0.849,338,352,0.485,0.126,0.129,0.193,2.83,5.86,2.78,,,,,,,,,,,,,,,,,,,,,,,,,,,,,,
149/149,4.32G,0.468,0.152,0.0527,0.672,348,352,0.377,0.191,0.169,0.246,2.66,4.07,2.44,149/199,6.45G,0.61,0.153,0.0634,0.826,399,352,0.379,0.162,0.151,0.22,3.18,4.75,2.66,149/199,4.31G,0.536,0.151,0.0526,0.74,323,352,0.396,0.171,0.167,0.229,2.64,4.5,2.34,149/199,4.31G,0.633,0.153,0.0529,0.839,242,352,0.479,0.123,0.127,0.191,2.81,5.97,2.8,,,,,,,,,,,,,,,,,,,,,,,,,,,,,,
,,,,,,,,,,,,,,,150/199,6.45G,0.607,0.15,0.0605,0.818,364,352,0.376,0.164,0.152,0.222,3.17,4.74,2.63,150/199,4.31G,0.537,0.15,0.0523,0.739,402,352,0.398,0.172,0.168,0.231,2.66,4.5,2.34,150/199,4.31G,0.612,0.15,0.0529,0.815,160,352,0.504,0.12,0.126,0.187,2.81,6.06,2.84,,,,,,,,,,,,,,,,,,,,,,,,,,,,,,
,,,,,,,,,,,,,,,151/199,6.45G,0.636,0.149,0.0594,0.845,480,352,0.374,0.163,0.153,0.22,3.21,4.72,2.64,151/199,4.31G,0.516,0.149,0.0509,0.716,604,352,0.396,0.172,0.166,0.231,2.64,4.51,2.37,151/199,4.31G,0.596,0.149,0.0524,0.797,205,352,0.503,0.119,0.125,0.185,2.81,6.06,2.83,,,,,,,,,,,,,,,,,,,,,,,,,,,,,,
,,,,,,,,,,,,,,,152/199,6.45G,0.638,0.145,0.0599,0.843,461,352,0.373,0.162,0.151,0.219,3.19,4.77,2.68,152/199,4.31G,0.505,0.144,0.0503,0.699,429,352,0.395,0.172,0.167,0.23,2.64,4.52,2.37,152/199,4.31G,0.599,0.147,0.0518,0.799,394,352,0.507,0.116,0.123,0.182,2.82,6.2,2.89,,,,,,,,,,,,,,,,,,,,,,,,,,,,,,
,,,,,,,,,,,,,,,153/199,6.45G,0.592,0.145,0.0617,0.799,512,352,0.374,0.163,0.152,0.22,3.2,4.77,2.7,,,,,,,,,,,,,,,,153/199,4.31G,0.606,0.147,0.0515,0.805,345,352,0.512,0.123,0.127,0.192,2.81,5.98,2.9,,,,,,,,,,,,,,,,,,,,,,,,,,,,,,
,,,,,,,,,,,,,,,154/199,6.45G,0.582,0.147,0.0598,0.788,439,352,0.375,0.165,0.153,0.222,3.17,4.75,2.67,,,,,,,,,,,,,,,,154/199,4.31G,0.595,0.146,0.0511,0.793,392,352,0.5,0.122,0.126,0.19,2.81,6.1,2.9,,,,,,,,,,,,,,,,,,,,,,,,,,,,,,
,,,,,,,,,,,,,,,155/199,6.45G,0.582,0.141,0.0595,0.783,446,352,0.37,0.161,0.152,0.217,3.16,4.77,2.69,,,,,,,,,,,,,,,,155/199,4.31G,0.583,0.143,0.05,0.775,284,352,0.505,0.124,0.129,0.191,2.79,5.88,2.86,,,,,,,,,,,,,,,,,,,,,,,,,,,,,,
,,,,,,,,,,,,,,,156/199,6.45G,0.553,0.138,0.0571,0.748,446,352,0.381,0.164,0.153,0.222,3.17,4.76,2.66,,,,,,,,,,,,,,,,156/199,4.31G,0.579,0.143,0.0513,0.773,462,352,0.495,0.122,0.126,0.188,2.81,6.01,2.88,,,,,,,,,,,,,,,,,,,,,,,,,,,,,,
,,,,,,,,,,,,,,,157/199,6.45G,0.545,0.139,0.0536,0.737,364,352,0.371,0.163,0.152,0.22,3.17,4.79,2.69,,,,,,,,,,,,,,,,157/199,4.31G,0.574,0.14,0.0507,0.765,298,352,0.49,0.121,0.126,0.189,2.81,6.05,2.87,,,,,,,,,,,,,,,,,,,,,,,,,,,,,,
,,,,,,,,,,,,,,,158/199,6.45G,0.55,0.137,0.0551,0.742,433,352,0.379,0.163,0.154,0.22,3.17,4.78,2.69,,,,,,,,,,,,,,,,158/199,4.31G,0.578,0.14,0.0501,0.768,332,352,0.5,0.124,0.126,0.193,2.8,6.06,2.84,,,,,,,,,,,,,,,,,,,,,,,,,,,,,,
,,,,,,,,,,,,,,,159/199,6.45G,0.544,0.135,0.0544,0.734,489,352,0.379,0.165,0.154,0.223,3.19,4.79,2.7,,,,,,,,,,,,,,,,159/199,4.31G,0.58,0.139,0.0491,0.768,376,352,0.523,0.121,0.125,0.189,2.83,6.17,2.89,,,,,,,,,,,,,,,,,,,,,,,,,,,,,,
,,,,,,,,,,,,,,,160/199,6.45G,0.547,0.134,0.0538,0.735,429,352,0.382,0.165,0.153,0.223,3.19,4.8,2.72,,,,,,,,,,,,,,,,160/199,4.31G,0.565,0.137,0.0505,0.752,354,352,0.516,0.121,0.126,0.188,2.8,6.04,2.87,,,,,,,,,,,,,,,,,,,,,,,,,,,,,,
,,,,,,,,,,,,,,,161/199,6.45G,0.544,0.134,0.0524,0.731,631,352,0.374,0.164,0.152,0.221,3.19,4.82,2.73,,,,,,,,,,,,,,,,161/199,4.31G,0.555,0.137,0.0484,0.741,477,352,0.489,0.123,0.127,0.189,2.81,5.99,2.87,,,,,,,,,,,,,,,,,,,,,,,,,,,,,,
,,,,,,,,,,,,,,,162/199,6.45G,0.53,0.131,0.0513,0.712,340,352,0.383,0.165,0.153,0.223,3.18,4.83,2.74,,,,,,,,,,,,,,,,162/199,4.31G,0.549,0.137,0.0479,0.734,254,352,0.48,0.124,0.126,0.191,2.8,6.04,2.88,,,,,,,,,,,,,,,,,,,,,,,,,,,,,,
,,,,,,,,,,,,,,,163/199,6.45G,0.56,0.13,0.0517,0.741,453,352,0.384,0.163,0.152,0.221,3.18,4.86,2.75,,,,,,,,,,,,,,,,163/199,4.31G,0.534,0.134,0.0464,0.714,568,352,0.488,0.123,0.127,0.191,2.79,6.05,2.86,,,,,,,,,,,,,,,,,,,,,,,,,,,,,,
,,,,,,,,,,,,,,,164/199,6.45G,0.518,0.129,0.0516,0.698,453,352,0.374,0.163,0.152,0.22,3.19,4.84,2.75,,,,,,,,,,,,,,,,164/199,4.31G,0.53,0.133,0.0465,0.71,381,352,0.499,0.12,0.124,0.187,2.8,6.22,2.91,,,,,,,,,,,,,,,,,,,,,,,,,,,,,,
,,,,,,,,,,,,,,,165/199,6.45G,0.518,0.127,0.0532,0.698,330,352,0.376,0.163,0.152,0.22,3.18,4.84,2.74,,,,,,,,,,,,,,,,165/199,4.31G,0.551,0.133,0.0456,0.729,308,352,0.498,0.122,0.124,0.19,2.82,6.13,2.9,,,,,,,,,,,,,,,,,,,,,,,,,,,,,,
,,,,,,,,,,,,,,,166/199,6.45G,0.518,0.125,0.0527,0.696,614,352,0.38,0.163,0.153,0.22,3.18,4.86,2.74,,,,,,,,,,,,,,,,166/199,4.31G,0.522,0.131,0.0454,0.698,406,352,0.48,0.125,0.126,0.192,2.8,6.07,2.86,,,,,,,,,,,,,,,,,,,,,,,,,,,,,,
,,,,,,,,,,,,,,,167/199,6.45G,0.509,0.123,0.0507,0.683,520,352,0.374,0.164,0.152,0.221,3.18,4.85,2.77,,,,,,,,,,,,,,,,167/199,4.31G,0.521,0.131,0.044,0.696,280,352,0.478,0.124,0.126,0.192,2.81,6.09,2.89,,,,,,,,,,,,,,,,,,,,,,,,,,,,,,
,,,,,,,,,,,,,,,168/199,6.45G,0.504,0.122,0.0512,0.676,354,352,0.376,0.164,0.152,0.221,3.19,4.87,2.77,,,,,,,,,,,,,,,,168/199,4.31G,0.527,0.13,0.0439,0.701,330,352,0.48,0.123,0.125,0.19,2.82,6.12,2.9,,,,,,,,,,,,,,,,,,,,,,,,,,,,,,
,,,,,,,,,,,,,,,169/199,6.45G,0.499,0.123,0.0509,0.672,438,352,0.378,0.164,0.152,0.222,3.18,4.87,2.78,,,,,,,,,,,,,,,,169/199,4.31G,0.515,0.129,0.0449,0.689,405,352,0.5,0.123,0.124,0.191,2.81,6.21,2.95,,,,,,,,,,,,,,,,,,,,,,,,,,,,,,
,,,,,,,,,,,,,,,170/199,6.45G,0.497,0.121,0.0501,0.668,456,352,0.373,0.162,0.152,0.219,3.17,4.88,2.78,,,,,,,,,,,,,,,,170/199,4.31G,0.523,0.128,0.0437,0.694,368,352,0.477,0.122,0.125,0.189,2.82,6.16,2.97,,,,,,,,,,,,,,,,,,,,,,,,,,,,,,
,,,,,,,,,,,,,,,171/199,6.45G,0.491,0.12,0.0496,0.66,393,352,0.372,0.162,0.152,0.219,3.19,4.89,2.79,,,,,,,,,,,,,,,,171/199,4.31G,0.509,0.126,0.0432,0.678,242,352,0.502,0.123,0.125,0.19,2.81,6.17,2.97,,,,,,,,,,,,,,,,,,,,,,,,,,,,,,
,,,,,,,,,,,,,,,172/199,6.45G,0.506,0.118,0.0487,0.673,345,352,0.369,0.163,0.152,0.219,3.17,4.89,2.8,,,,,,,,,,,,,,,,172/199,4.31G,0.508,0.127,0.0429,0.678,430,352,0.502,0.122,0.124,0.189,2.81,6.24,2.97,,,,,,,,,,,,,,,,,,,,,,,,,,,,,,
,,,,,,,,,,,,,,,173/199,6.45G,0.472,0.118,0.0471,0.637,375,352,0.368,0.163,0.152,0.219,3.18,4.89,2.82,,,,,,,,,,,,,,,,173/199,4.31G,0.499,0.125,0.0417,0.666,286,352,0.508,0.122,0.124,0.19,2.81,6.21,2.98,,,,,,,,,,,,,,,,,,,,,,,,,,,,,,
,,,,,,,,,,,,,,,174/199,6.45G,0.485,0.116,0.0484,0.649,348,352,0.375,0.163,0.152,0.22,3.19,4.9,2.82,,,,,,,,,,,,,,,,174/199,4.31G,0.507,0.125,0.043,0.675,197,352,0.501,0.122,0.125,0.19,2.81,6.27,2.98,,,,,,,,,,,,,,,,,,,,,,,,,,,,,,
,,,,,,,,,,,,,,,175/199,6.45G,0.477,0.115,0.0482,0.64,403,352,0.373,0.162,0.152,0.218,3.18,4.9,2.82,,,,,,,,,,,,,,,,175/199,4.31G,0.496,0.123,0.0422,0.662,459,352,0.482,0.123,0.127,0.19,2.8,6.19,2.97,,,,,,,,,,,,,,,,,,,,,,,,,,,,,,
,,,,,,,,,,,,,,,176/199,6.45G,0.471,0.115,0.0485,0.634,365,352,0.375,0.163,0.152,0.22,3.18,4.92,2.83,,,,,,,,,,,,,,,,176/199,4.31G,0.495,0.125,0.0419,0.662,323,352,0.516,0.122,0.125,0.19,2.82,6.27,2.97,,,,,,,,,,,,,,,,,,,,,,,,,,,,,,
,,,,,,,,,,,,,,,177/199,6.45G,0.464,0.114,0.0473,0.625,433,352,0.375,0.164,0.152,0.221,3.18,4.93,2.84,,,,,,,,,,,,,,,,177/199,4.31G,0.485,0.123,0.0416,0.65,447,352,0.502,0.119,0.125,0.186,2.81,6.26,2.98,,,,,,,,,,,,,,,,,,,,,,,,,,,,,,
,,,,,,,,,,,,,,,178/199,6.45G,0.468,0.113,0.0467,0.628,335,352,0.368,0.163,0.152,0.219,3.19,4.92,2.85,,,,,,,,,,,,,,,,178/199,4.31G,0.486,0.122,0.0422,0.651,216,352,0.504,0.122,0.125,0.19,2.82,6.27,3,,,,,,,,,,,,,,,,,,,,,,,,,,,,,,
,,,,,,,,,,,,,,,179/199,6.45G,0.466,0.112,0.046,0.624,612,352,0.371,0.162,0.152,0.219,3.17,4.93,2.86,,,,,,,,,,,,,,,,179/199,4.31G,0.486,0.122,0.0417,0.65,385,352,0.505,0.122,0.125,0.19,2.82,6.3,3.02,,,,,,,,,,,,,,,,,,,,,,,,,,,,,,
,,,,,,,,,,,,,,,180/199,6.45G,0.455,0.112,0.046,0.613,310,352,0.369,0.164,0.152,0.22,3.18,4.93,2.86,,,,,,,,,,,,,,,,180/199,4.31G,0.488,0.12,0.0427,0.65,360,352,0.509,0.122,0.125,0.189,2.82,6.27,3,,,,,,,,,,,,,,,,,,,,,,,,,,,,,,
,,,,,,,,,,,,,,,181/199,6.45G,0.45,0.111,0.045,0.606,340,352,0.374,0.164,0.152,0.221,3.18,4.94,2.86,,,,,,,,,,,,,,,,181/199,4.31G,0.484,0.12,0.0423,0.646,419,352,0.496,0.121,0.126,0.188,2.82,6.19,3,,,,,,,,,,,,,,,,,,,,,,,,,,,,,,
,,,,,,,,,,,,,,,182/199,6.45G,0.452,0.11,0.0438,0.606,333,352,0.37,0.163,0.153,0.219,3.18,4.94,2.86,,,,,,,,,,,,,,,,182/199,4.31G,0.472,0.119,0.0399,0.631,169,352,0.51,0.121,0.124,0.189,2.82,6.35,3.03,,,,,,,,,,,,,,,,,,,,,,,,,,,,,,
,,,,,,,,,,,,,,,183/199,6.45G,0.45,0.11,0.0445,0.604,490,352,0.369,0.163,0.152,0.219,3.18,4.94,2.87,,,,,,,,,,,,,,,,183/199,4.31G,0.467,0.12,0.0402,0.627,166,352,0.514,0.121,0.124,0.189,2.82,6.3,3.04,,,,,,,,,,,,,,,,,,,,,,,,,,,,,,
,,,,,,,,,,,,,,,184/199,6.45G,0.445,0.109,0.0442,0.599,415,352,0.368,0.163,0.151,0.219,3.18,4.96,2.88,,,,,,,,,,,,,,,,184/199,4.31G,0.474,0.118,0.0408,0.632,144,352,0.492,0.122,0.126,0.188,2.81,6.21,3.01,,,,,,,,,,,,,,,,,,,,,,,,,,,,,,
,,,,,,,,,,,,,,,185/199,6.45G,0.449,0.108,0.0444,0.601,562,352,0.368,0.162,0.151,0.218,3.19,4.96,2.88,,,,,,,,,,,,,,,,185/199,4.31G,0.463,0.118,0.0396,0.62,246,352,0.492,0.122,0.124,0.189,2.82,6.26,3.01,,,,,,,,,,,,,,,,,,,,,,,,,,,,,,
,,,,,,,,,,,,,,,186/199,6.45G,0.449,0.107,0.0442,0.601,550,352,0.37,0.163,0.152,0.219,3.19,4.96,2.89,,,,,,,,,,,,,,,,186/199,4.31G,0.468,0.118,0.0394,0.626,375,352,0.491,0.12,0.125,0.186,2.82,6.27,3.03,,,,,,,,,,,,,,,,,,,,,,,,,,,,,,
,,,,,,,,,,,,,,,187/199,6.45G,0.449,0.108,0.0434,0.6,411,352,0.369,0.163,0.152,0.219,3.18,4.96,2.89,,,,,,,,,,,,,,,,187/199,4.31G,0.468,0.118,0.0395,0.625,257,352,0.487,0.12,0.125,0.186,2.81,6.24,3.04,,,,,,,,,,,,,,,,,,,,,,,,,,,,,,
,,,,,,,,,,,,,,,188/199,6.45G,0.441,0.107,0.043,0.591,381,352,0.37,0.164,0.152,0.22,3.18,4.95,2.9,,,,,,,,,,,,,,,,188/199,4.31G,0.47,0.119,0.0388,0.628,181,352,0.489,0.123,0.127,0.19,2.81,6.2,3.03,,,,,,,,,,,,,,,,,,,,,,,,,,,,,,
,,,,,,,,,,,,,,,189/199,6.45G,0.421,0.106,0.0426,0.57,417,352,0.371,0.163,0.152,0.22,3.18,4.98,2.91,,,,,,,,,,,,,,,,189/199,4.31G,0.457,0.117,0.0387,0.613,364,352,0.509,0.123,0.127,0.19,2.81,6.23,3.02,,,,,,,,,,,,,,,,,,,,,,,,,,,,,,
,,,,,,,,,,,,,,,190/199,6.45G,0.435,0.106,0.0436,0.584,563,352,0.371,0.163,0.152,0.22,3.19,4.97,2.92,,,,,,,,,,,,,,,,190/199,4.31G,0.452,0.117,0.0381,0.607,279,352,0.482,0.125,0.126,0.193,2.81,6.19,3.02,,,,,,,,,,,,,,,,,,,,,,,,,,,,,,
,,,,,,,,,,,,,,,191/199,6.45G,0.437,0.107,0.0427,0.587,422,352,0.371,0.163,0.152,0.22,3.19,4.97,2.93,,,,,,,,,,,,,,,,191/199,4.31G,0.449,0.115,0.0381,0.602,211,352,0.499,0.123,0.125,0.191,2.81,6.28,3.04,,,,,,,,,,,,,,,,,,,,,,,,,,,,,,
,,,,,,,,,,,,,,,192/199,6.45G,0.439,0.106,0.044,0.59,240,352,0.369,0.163,0.152,0.219,3.2,4.97,2.93,,,,,,,,,,,,,,,,192/199,4.31G,0.453,0.115,0.0376,0.606,357,352,0.503,0.123,0.125,0.19,2.82,6.32,3.05,,,,,,,,,,,,,,,,,,,,,,,,,,,,,,
,,,,,,,,,,,,,,,193/199,6.45G,0.444,0.106,0.0438,0.594,406,352,0.37,0.163,0.152,0.22,3.2,4.98,2.94,,,,,,,,,,,,,,,,193/199,4.31G,0.461,0.115,0.039,0.615,411,352,0.508,0.123,0.126,0.191,2.81,6.27,3.03,,,,,,,,,,,,,,,,,,,,,,,,,,,,,,
,,,,,,,,,,,,,,,194/199,6.45G,0.439,0.104,0.0418,0.585,615,352,0.368,0.163,0.152,0.22,3.2,4.97,2.94,,,,,,,,,,,,,,,,194/199,4.31G,0.451,0.116,0.0376,0.604,266,352,0.513,0.122,0.125,0.19,2.81,6.28,3.05,,,,,,,,,,,,,,,,,,,,,,,,,,,,,,
,,,,,,,,,,,,,,,195/199,6.45G,0.435,0.105,0.0428,0.583,476,352,0.368,0.164,0.152,0.22,3.2,4.98,2.93,,,,,,,,,,,,,,,,195/199,4.31G,0.451,0.114,0.038,0.603,336,352,0.496,0.121,0.124,0.188,2.82,6.33,3.07,,,,,,,,,,,,,,,,,,,,,,,,,,,,,,
,,,,,,,,,,,,,,,196/199,6.45G,0.435,0.105,0.0432,0.584,381,352,0.37,0.163,0.152,0.219,3.19,4.98,2.95,,,,,,,,,,,,,,,,196/199,4.31G,0.459,0.115,0.038,0.612,291,352,0.51,0.122,0.124,0.19,2.82,6.34,3.06,,,,,,,,,,,,,,,,,,,,,,,,,,,,,,
,,,,,,,,,,,,,,,197/199,6.45G,0.426,0.104,0.0425,0.573,616,352,0.371,0.163,0.152,0.219,3.19,4.99,2.95,,,,,,,,,,,,,,,,197/199,4.31G,0.463,0.115,0.037,0.615,333,352,0.515,0.122,0.124,0.19,2.82,6.35,3.08,,,,,,,,,,,,,,,,,,,,,,,,,,,,,,
,,,,,,,,,,,,,,,198/199,6.45G,0.442,0.104,0.0434,0.589,621,352,0.374,0.163,0.151,0.219,3.19,4.99,2.95,,,,,,,,,,,,,,,,198/199,4.31G,0.459,0.113,0.0384,0.611,363,352,0.507,0.122,0.125,0.19,2.81,6.32,3.08,,,,,,,,,,,,,,,,,,,,,,,,,,,,,,
,,,,,,,,,,,,,,,199/199,6.45G,0.427,0.104,0.0405,0.571,498,352,0.369,0.163,0.152,0.219,3.19,4.99,2.95,,,,,,,,,,,,,,,,199/199,4.31G,0.445,0.113,0.0385,0.597,439,352,0.515,0.122,0.125,0.19,2.81,6.37,3.11,,,,,,,,,,,,,,,,,,,,,,,,,,,,,,
