no_aug_map 0.5,no_aug_map 0.5:0.95,no_aug_train_giou_loss,no_aug_train_obj_loss,no_aug_train_cls_loss,no_aug_val_giou_loss,no_aug_val_obj_loss,no_aug_val_cls_loss,aug1_map 0.5,aug1_map 0.5:0.95,aug1_train_giou_loss,aug1_train_obj_loss,aug1_train_cls_loss,aug1_val_giou_loss,aug1_val_obj_loss,aug1_val_cls_loss,aug2_map 0.5,aug2_map 0.5:0.95,aug2_train_giou_loss,aug2_train_obj_loss,aug2_train_cls_loss,aug2_val_giou_loss,aug2_val_obj_loss,aug2_val_cls_loss,aug3_map 0.5,aug3_map 0.5:0.95,aug3_train_giou_loss,aug3_train_obj_loss,aug3_train_cls_loss,aug3_val_giou_loss,aug3_val_obj_loss,aug3_val_cls_loss
4.21E-05,6.88E-06,0.1715,0.04664,0.0441,0.1585,0.09385,0.04086,5.20E-03,1.08E-03,0.1627,0.05334,0.0411,0.1486,0.1021,0.03481,6.42E-03,1.27E-03,0.1611,0.05593,0.04098,0.1475,0.1059,0.03456,3.21E-03,5.49E-04,0.1632,0.038,0.04057,0.1484,0.1033,0.03397
0.003064,0.0005192,0.1526,0.06289,0.03786,0.1481,0.1048,0.03482,0.0357,0.008274,0.1438,0.07633,0.03448,0.1412,0.1314,0.03103,0.03822,0.009313,0.1426,0.07894,0.03426,0.1401,0.1369,0.03068,0.03141,0.007469,0.1453,0.05336,0.0324,0.1417,0.13,0.0296
0.01801,0.003784,0.1454,0.07088,0.03454,0.1441,0.1175,0.03276,0.05383,0.01851,0.138,0.09294,0.03213,0.1369,0.1532,0.02913,0.05412,0.0191,0.1365,0.0964,0.03164,0.1357,0.1595,0.02875,0.04674,0.01442,0.1394,0.06625,0.02865,0.1372,0.155,0.02853
0.03397,0.008524,0.1414,0.08113,0.03286,0.1406,0.1357,0.03052,0.05627,0.01796,0.1351,0.09902,0.03076,0.1359,0.16,0.0284,0.06098,0.02035,0.1337,0.102,0.03023,0.1344,0.1686,0.02811,0.047,0.01424,0.1367,0.07255,0.02746,0.1368,0.162,0.02811
0.0445,0.01351,0.138,0.09002,0.03109,0.1383,0.1477,0.02968,0.05641,0.01807,0.1341,0.1015,0.02976,0.1355,0.1674,0.02838,0.05593,0.01437,0.1324,0.1023,0.02917,0.1348,0.1662,0.02781,0.05691,0.0168,0.1346,0.07529,0.02699,0.1363,0.1632,0.02776
0.05843,0.01995,0.1353,0.09448,0.02987,0.1365,0.1554,0.0289,0.06285,0.02142,0.1331,0.1031,0.02899,0.1352,0.1648,0.02784,0.06391,0.01944,0.1314,0.1035,0.02841,0.1337,0.1699,0.02727,0.05855,0.01936,0.1341,0.07402,0.02626,0.1354,0.1658,0.02818
0.06461,0.02318,0.1337,0.09588,0.0287,0.1356,0.1582,0.02852,0.06863,0.02221,0.1325,0.09667,0.02835,0.1351,0.1632,0.02788,0.07205,0.02517,0.1297,0.1011,0.02748,0.1333,0.1699,0.02678,0.06868,0.02245,0.1316,0.0746,0.02554,0.1349,0.1667,0.02839
0.06132,0.02094,0.133,0.09624,0.0278,0.1357,0.1615,0.02817,0.0746,0.02545,0.1297,0.09628,0.02788,0.1342,0.1678,0.02772,0.07542,0.02594,0.1278,0.09859,0.02644,0.1328,0.174,0.02675,0.07863,0.02895,0.1297,0.07357,0.0247,0.1339,0.1703,0.02639
0.04966,0.01439,0.1316,0.09678,0.02702,0.1391,0.155,0.02716,0.07317,0.02622,0.1281,0.09631,0.02709,0.1338,0.1699,0.02716,0.07735,0.02771,0.1267,0.09867,0.02603,0.1329,0.173,0.02631,0.07874,0.02937,0.129,0.07331,0.02406,0.1341,0.1734,0.02815
0.06031,0.01996,0.1328,0.1031,0.02668,0.1358,0.1674,0.02757,0.07653,0.02903,0.1275,0.09561,0.02619,0.1336,0.1753,0.02666,0.07885,0.02883,0.1265,0.09769,0.02542,0.1327,0.1736,0.02671,0.08221,0.03142,0.1282,0.07262,0.02345,0.134,0.1748,0.02668
0.05611,0.01644,0.1316,0.09722,0.02675,0.1359,0.1665,0.02737,0.07939,0.02913,0.1268,0.09507,0.02545,0.1334,0.1758,0.0265,0.07906,0.02869,0.1258,0.09683,0.02483,0.1325,0.1773,0.02611,0.08443,0.03195,0.1269,0.07266,0.02277,0.1339,0.1749,0.02703
0.05643,0.01653,0.1313,0.1008,0.02598,0.136,0.1721,0.02753,0.08066,0.02957,0.1265,0.09486,0.0248,0.1339,0.1757,0.02697,0.08478,0.03073,0.1247,0.09652,0.02422,0.1325,0.1806,0.02594,0.08838,0.03284,0.1266,0.07203,0.02212,0.1337,0.1771,0.02602
0.06517,0.02166,0.1306,0.09878,0.02581,0.1348,0.1687,0.02745,0.08508,0.03221,0.1256,0.09349,0.02424,0.1336,0.1748,0.02664,0.08938,0.03381,0.124,0.09564,0.02343,0.1326,0.1824,0.02612,0.08991,0.03532,0.1254,0.07173,0.02147,0.1342,0.1775,0.02633
0.07189,0.02227,0.1293,0.09594,0.02504,0.1341,0.1733,0.0266,0.088,0.03265,0.1243,0.09319,0.02377,0.134,0.175,0.02686,0.08474,0.03268,0.1235,0.09512,0.02295,0.1332,0.1813,0.02608,0.09691,0.0371,0.1246,0.07144,0.02083,0.134,0.1777,0.02624
0.0774,0.02545,0.1281,0.09471,0.0243,0.1339,0.1709,0.02669,0.08668,0.03122,0.1239,0.09301,0.02305,0.1344,0.1776,0.02657,0.08826,0.03411,0.1223,0.09451,0.0224,0.1333,0.1829,0.02662,0.09102,0.03239,0.1241,0.07133,0.01996,0.1352,0.1838,0.02691
0.08425,0.0309,0.127,0.09365,0.02387,0.1333,0.1745,0.02656,0.08811,0.03425,0.1235,0.09228,0.02257,0.1342,0.1786,0.02683,0.09613,0.03671,0.1217,0.09384,0.02168,0.1327,0.1858,0.02661,0.09803,0.03794,0.1232,0.07171,0.01941,0.135,0.1804,0.02734
0.0868,0.03221,0.1266,0.09333,0.0234,0.1339,0.1863,0.02662,0.09322,0.03558,0.1228,0.09202,0.02245,0.1335,0.1817,0.02724,0.09226,0.03575,0.1214,0.09382,0.02138,0.1329,0.1833,0.02674,0.09859,0.03747,0.1231,0.07136,0.01906,0.1343,0.1807,0.02705
0.08754,0.03132,0.1261,0.09291,0.02279,0.1337,0.1842,0.02635,0.09308,0.03542,0.1229,0.09162,0.02181,0.1329,0.1778,0.02671,0.09457,0.03756,0.1218,0.09325,0.0212,0.1319,0.1856,0.02672,0.09609,0.03693,0.1223,0.07071,0.01862,0.1337,0.1796,0.02669
0.09152,0.03413,0.1253,0.09213,0.02238,0.1339,0.1828,0.02641,0.0896,0.03282,0.1228,0.09146,0.02149,0.1331,0.1826,0.02629,0.09277,0.03566,0.1214,0.0934,0.02078,0.132,0.1871,0.02695,0.08288,0.03134,0.1226,0.07028,0.0181,0.1343,0.1776,0.02783
0.08778,0.03224,0.1257,0.09238,0.02203,0.1343,0.1841,0.02647,0.09072,0.03432,0.1221,0.09068,0.02098,0.1331,0.1846,0.02729,0.08575,0.03233,0.1207,0.09265,0.02031,0.1324,0.1881,0.02743,0.08987,0.03426,0.1223,0.06902,0.01768,0.1339,0.1821,0.02766
0.08757,0.03311,0.1246,0.09139,0.02155,0.1339,0.1764,0.02648,0.09441,0.03466,0.1216,0.08982,0.02032,0.1335,0.1839,0.02748,0.08989,0.03285,0.1205,0.09172,0.01979,0.1327,0.1923,0.02808,0.09285,0.03534,0.1212,0.06878,0.01704,0.1337,0.1886,0.0271
0.08828,0.03315,0.1242,0.09164,0.02137,0.1333,0.1813,0.02712,0.09181,0.03527,0.1203,0.08897,0.01991,0.1333,0.1854,0.02819,0.09529,0.03776,0.1194,0.09144,0.01939,0.1327,0.1874,0.02858,0.09982,0.03844,0.1202,0.06855,0.01649,0.1333,0.1888,0.0271
0.09155,0.03515,0.125,0.09109,0.02158,0.1328,0.1842,0.02778,0.09414,0.03607,0.1196,0.08867,0.01948,0.1336,0.1855,0.02831,0.1009,0.03811,0.1186,0.0909,0.01898,0.1333,0.19,0.02781,0.102,0.03979,0.1196,0.06791,0.01629,0.133,0.1838,0.0271
0.09581,0.03501,0.1236,0.09082,0.02131,0.1335,0.187,0.02666,0.09299,0.03509,0.1195,0.08857,0.01895,0.1339,0.1897,0.02724,0.09764,0.03976,0.1186,0.09018,0.01848,0.1331,0.191,0.02789,0.1048,0.03984,0.1192,0.06759,0.01612,0.1336,0.1872,0.02843
0.09598,0.03445,0.1231,0.09099,0.0208,0.1331,0.1879,0.02699,0.09831,0.03736,0.1195,0.08822,0.01877,0.1339,0.1907,0.02794,0.1019,0.04066,0.1183,0.08969,0.01837,0.133,0.1923,0.02781,0.1009,0.03921,0.1185,0.0675,0.0157,0.1335,0.1862,0.02888
0.09452,0.03351,0.1228,0.09115,0.02051,0.1331,0.1833,0.02695,0.09939,0.03905,0.1193,0.08761,0.01834,0.1343,0.1933,0.02791,0.101,0.04092,0.1183,0.08986,0.01829,0.1329,0.1936,0.0275,0.1039,0.03901,0.1182,0.0679,0.01579,0.1334,0.1889,0.02759
0.09576,0.0375,0.123,0.09164,0.01994,0.1332,0.1825,0.02673,0.101,0.04028,0.1186,0.08739,0.01803,0.1337,0.1939,0.02782,0.1009,0.04063,0.118,0.08958,0.01781,0.1331,0.1962,0.02714,0.1031,0.04039,0.118,0.06798,0.01564,0.1338,0.1916,0.02769
0.09031,0.03384,0.1215,0.09036,0.01955,0.1338,0.1826,0.02845,0.102,0.03996,0.1186,0.08716,0.01765,0.1333,0.1912,0.02754,0.09999,0.04108,0.1174,0.08862,0.01738,0.1329,0.1974,0.02708,0.1045,0.03983,0.118,0.06788,0.01536,0.1342,0.1898,0.02775
0.09449,0.03527,0.122,0.09042,0.01947,0.1342,0.1883,0.02688,0.09589,0.03648,0.1181,0.0865,0.01747,0.1335,0.1903,0.02774,0.09545,0.03864,0.1173,0.08836,0.01719,0.1325,0.1977,0.02795,0.105,0.04055,0.1179,0.06731,0.01495,0.1341,0.1939,0.02807
0.08876,0.03112,0.1211,0.09086,0.01922,0.134,0.183,0.02753,0.09363,0.03679,0.1176,0.08623,0.01743,0.1333,0.1838,0.02768,0.0941,0.03622,0.1166,0.08801,0.01693,0.1321,0.1924,0.0281,0.103,0.03942,0.1169,0.06673,0.01471,0.1341,0.1979,0.02786
0.08513,0.03039,0.121,0.09073,0.01888,0.134,0.1852,0.02671,0.09409,0.03587,0.1176,0.08612,0.01719,0.1333,0.1871,0.02831,0.1001,0.0385,0.1162,0.08789,0.01685,0.132,0.196,0.02742,0.1037,0.03803,0.1172,0.06691,0.01464,0.1341,0.1929,0.02697
0.09529,0.03567,0.1209,0.09211,0.0184,0.1339,0.1983,0.02719,0.09732,0.03866,0.1171,0.08617,0.01692,0.1331,0.1932,0.02881,0.1021,0.04105,0.1153,0.08735,0.01633,0.1322,0.195,0.02707,0.09814,0.03741,0.1163,0.06673,0.0147,0.1332,0.1948,0.02785
0.08587,0.03351,0.1217,0.0945,0.01865,0.1347,0.2027,0.02809,0.1007,0.03891,0.117,0.08593,0.01689,0.1331,0.193,0.02771,0.1087,0.04306,0.1158,0.08754,0.01585,0.1316,0.196,0.02697,0.1032,0.04087,0.1154,0.06678,0.01458,0.1331,0.2004,0.02857
0.08795,0.03234,0.1223,0.09464,0.01867,0.1343,0.2056,0.02769,0.09903,0.03687,0.1163,0.08567,0.01676,0.1331,0.1949,0.02774,0.1046,0.04152,0.1151,0.08602,0.01551,0.1316,0.194,0.0267,0.1037,0.03951,0.1151,0.06646,0.01416,0.1332,0.199,0.02762
0.09241,0.03432,0.1203,0.09329,0.01831,0.1331,0.1996,0.02712,0.105,0.03957,0.1163,0.08542,0.01609,0.1333,0.1949,0.02746,0.1029,0.04138,0.1147,0.08637,0.01533,0.132,0.199,0.02693,0.1066,0.04084,0.1158,0.06653,0.01398,0.1332,0.1983,0.02716
0.09532,0.03412,0.1205,0.09271,0.01802,0.1333,0.1981,0.02746,0.1049,0.04076,0.1161,0.0852,0.01566,0.1332,0.1959,0.02754,0.1074,0.04244,0.1145,0.08634,0.0151,0.132,0.199,0.02746,0.106,0.03913,0.1154,0.06594,0.01381,0.1334,0.1959,0.02748
0.09516,0.03411,0.1205,0.09183,0.01756,0.1329,0.1937,0.02766,0.1046,0.04025,0.1154,0.08472,0.01551,0.133,0.1954,0.02736,0.1042,0.04004,0.1147,0.0859,0.01483,0.132,0.2015,0.02695,0.1046,0.03888,0.115,0.06538,0.01362,0.1334,0.1963,0.02722
0.09446,0.03428,0.1201,0.09065,0.0173,0.1334,0.1919,0.02807,0.1019,0.03936,0.115,0.08431,0.01551,0.1329,0.1972,0.02764,0.1034,0.03881,0.1137,0.0853,0.01462,0.1318,0.2021,0.02743,0.106,0.03847,0.1139,0.06466,0.01328,0.1336,0.2027,0.02741
0.09682,0.03792,0.1193,0.09041,0.01709,0.1332,0.1979,0.02876,0.09727,0.03775,0.1154,0.08424,0.01519,0.1333,0.198,0.02815,0.105,0.04112,0.1144,0.08508,0.01453,0.1323,0.203,0.02789,0.1071,0.0409,0.114,0.06471,0.01306,0.1334,0.2041,0.02755
0.09296,0.03677,0.1193,0.08997,0.01716,0.1338,0.1987,0.02906,0.09836,0.03774,0.115,0.08436,0.0149,0.1336,0.1985,0.02776,0.1048,0.04208,0.113,0.08444,0.01466,0.1325,0.2067,0.02801,0.1072,0.04121,0.1135,0.06446,0.0127,0.1336,0.2049,0.02792
0.08945,0.03386,0.119,0.09041,0.01729,0.1333,0.1963,0.02791,0.1041,0.04102,0.1138,0.08367,0.01466,0.1332,0.1997,0.02824,0.1053,0.04144,0.1126,0.08454,0.01468,0.1323,0.2109,0.0277,0.1087,0.04242,0.1133,0.0645,0.01256,0.1334,0.2035,0.02798
0.0914,0.03388,0.119,0.09067,0.01721,0.1339,0.197,0.02808,0.1035,0.0408,0.1135,0.08274,0.01423,0.1331,0.2004,0.02832,0.1056,0.04233,0.1124,0.08446,0.01425,0.1319,0.2105,0.02837,0.1081,0.04216,0.1124,0.0642,0.01231,0.1333,0.2014,0.02722
0.09527,0.03548,0.1187,0.09029,0.017,0.1344,0.2018,0.02762,0.1032,0.0411,0.1133,0.08258,0.01405,0.1334,0.204,0.02859,0.1031,0.04079,0.1127,0.08495,0.01412,0.1321,0.2133,0.02749,0.1088,0.04128,0.1131,0.06472,0.01219,0.1335,0.2029,0.02736
0.09513,0.03768,0.1181,0.09036,0.01695,0.1335,0.1988,0.02922,0.09979,0.03945,0.1132,0.08305,0.01398,0.1334,0.2058,0.02888,0.1031,0.0416,0.1125,0.08496,0.01371,0.1322,0.2137,0.02809,0.1053,0.03836,0.1128,0.06427,0.01223,0.1338,0.208,0.02739
0.09691,0.03599,0.1186,0.09132,0.01688,0.133,0.206,0.02734,0.1035,0.04026,0.1135,0.08322,0.01375,0.1333,0.2063,0.02946,0.09821,0.03989,0.112,0.08416,0.01349,0.1325,0.2172,0.02875,0.1088,0.04128,0.1117,0.06372,0.01198,0.134,0.2138,0.02795
0.08729,0.0309,0.12,0.09349,0.01694,0.1334,0.2147,0.02789,0.1029,0.04005,0.1128,0.08276,0.01377,0.1334,0.208,0.02949,0.1012,0.04039,0.1115,0.08405,0.01325,0.1323,0.2171,0.02852,0.1073,0.04004,0.1122,0.06404,0.01175,0.1339,0.2139,0.02822
0.09734,0.03691,0.1191,0.09347,0.01718,0.1335,0.2215,0.02968,0.104,0.03886,0.1131,0.08335,0.01365,0.1338,0.2103,0.02836,0.1032,0.03983,0.1116,0.08393,0.0132,0.1323,0.2184,0.02788,0.1106,0.04104,0.1119,0.0636,0.01174,0.1338,0.2114,0.02763
0.09795,0.03853,0.1174,0.09062,0.01684,0.1328,0.2086,0.02888,0.09997,0.03851,0.1128,0.08285,0.01355,0.1337,0.2086,0.02878,0.1035,0.04125,0.1112,0.0835,0.013,0.1325,0.224,0.02819,0.1054,0.0402,0.1109,0.06297,0.01154,0.1338,0.2104,0.02784
0.09648,0.03795,0.117,0.08949,0.01628,0.133,0.2049,0.02907,0.1044,0.04109,0.113,0.08294,0.01378,0.1335,0.2069,0.02869,0.104,0.04072,0.1111,0.08386,0.01288,0.1327,0.2231,0.02856,0.1096,0.04294,0.111,0.06317,0.0115,0.1334,0.2085,0.02788
0.09768,0.03915,0.117,0.08937,0.01588,0.1332,0.2098,0.0289,0.1034,0.04103,0.112,0.08207,0.01389,0.1336,0.2104,0.02877,0.1051,0.04125,0.1111,0.08425,0.01284,0.1325,0.2217,0.02851,0.1072,0.03962,0.1107,0.06324,0.01135,0.1337,0.2106,0.02822
0.1029,0.03987,0.1182,0.08925,0.01579,0.1333,0.2028,0.02849,0.107,0.04192,0.1123,0.0824,0.01377,0.1335,0.2106,0.0281,0.1028,0.03927,0.111,0.08396,0.0127,0.1324,0.2197,0.02777,0.1085,0.04012,0.1109,0.06346,0.01132,0.1342,0.2138,0.02835
0.09929,0.03834,0.1167,0.08874,0.01564,0.1334,0.2017,0.02835,0.1035,0.04199,0.1117,0.08242,0.0136,0.1333,0.214,0.02929,0.1032,0.04049,0.111,0.08461,0.01279,0.1325,0.2142,0.02793,0.1081,0.04076,0.111,0.06352,0.01138,0.1344,0.2176,0.02825
0.09304,0.03363,0.1169,0.08952,0.0156,0.1337,0.205,0.0284,0.1001,0.03859,0.1124,0.0829,0.01355,0.1337,0.2127,0.03073,0.1078,0.04172,0.1113,0.08484,0.01278,0.1327,0.2165,0.02846,0.109,0.04187,0.1111,0.06364,0.01142,0.1346,0.2205,0.02861
0.09708,0.03617,0.117,0.09048,0.01549,0.1342,0.2121,0.02907,0.09624,0.03744,0.1116,0.08192,0.01357,0.1337,0.2097,0.02969,0.1062,0.04081,0.111,0.08488,0.01292,0.1326,0.2186,0.02899,0.11,0.04203,0.11,0.06289,0.01142,0.1342,0.2178,0.02893
0.09657,0.03688,0.1168,0.09073,0.01544,0.1333,0.2179,0.02837,0.09977,0.03782,0.1119,0.08242,0.0134,0.1335,0.2109,0.02844,0.103,0.03982,0.1113,0.08457,0.01282,0.1325,0.2171,0.02989,0.107,0.04167,0.1101,0.06322,0.01145,0.1334,0.2118,0.02913
0.09825,0.0374,0.1169,0.09063,0.01526,0.1335,0.217,0.02859,0.1074,0.0411,0.1119,0.08206,0.01332,0.1342,0.2193,0.02816,0.1018,0.03999,0.111,0.08387,0.0128,0.1325,0.2176,0.03017,0.1031,0.04121,0.1103,0.06353,0.01144,0.1339,0.2163,0.02938
0.1022,0.03951,0.1167,0.08967,0.01517,0.1331,0.213,0.02875,0.1039,0.03987,0.1111,0.08176,0.01324,0.1343,0.2207,0.02873,0.1043,0.0408,0.1101,0.08329,0.01307,0.1331,0.2174,0.02939,0.1076,0.04158,0.1099,0.06343,0.01148,0.1344,0.223,0.02961
0.09902,0.03781,0.1156,0.08828,0.01513,0.1328,0.2143,0.02934,0.1072,0.04152,0.1112,0.08206,0.01289,0.1338,0.2187,0.02914,0.1078,0.04252,0.11,0.08371,0.01293,0.133,0.2221,0.02881,0.1043,0.0398,0.1093,0.06251,0.0116,0.1349,0.228,0.03013
0.09927,0.03602,0.115,0.08742,0.01497,0.1331,0.2187,0.02929,0.1008,0.03809,0.1113,0.0821,0.01273,0.1337,0.2154,0.02965,0.1018,0.0397,0.1101,0.08353,0.01297,0.1329,0.2266,0.02898,0.1036,0.04043,0.1096,0.06256,0.01128,0.1349,0.2302,0.03022
0.1007,0.0366,0.1154,0.08906,0.01485,0.1333,0.2194,0.02937,0.1046,0.04037,0.1109,0.08167,0.01259,0.1333,0.2231,0.02967,0.1015,0.03776,0.1099,0.0832,0.01273,0.1331,0.2277,0.02872,0.11,0.04331,0.1088,0.06192,0.01122,0.1342,0.228,0.02899
0.1,0.03763,0.1161,0.08967,0.01484,0.1333,0.2179,0.02946,0.09909,0.03787,0.1108,0.08196,0.0124,0.1339,0.229,0.03034,0.09939,0.03677,0.1104,0.0843,0.01246,0.1331,0.2223,0.02851,0.1086,0.04217,0.1099,0.06293,0.01108,0.1342,0.2235,0.02866
0.09813,0.038,0.1167,0.09015,0.01479,0.1335,0.2117,0.02908,0.09994,0.0382,0.111,0.08223,0.01259,0.134,0.2297,0.02914,0.1016,0.03882,0.1099,0.0837,0.01247,0.1331,0.2255,0.02866,0.1061,0.04114,0.1096,0.06252,0.01104,0.1337,0.2249,0.0287
0.08326,0.02752,0.1171,0.09095,0.01481,0.1353,0.2098,0.02894,0.09888,0.0373,0.1108,0.08152,0.01252,0.1338,0.223,0.02902,0.1041,0.04135,0.11,0.08342,0.01226,0.1331,0.2246,0.02955,0.1106,0.04105,0.1088,0.06179,0.01095,0.1339,0.226,0.02851
0.08626,0.02704,0.1192,0.09286,0.01512,0.1354,0.2054,0.02917,0.1028,0.03884,0.1103,0.08114,0.01255,0.1336,0.2145,0.02872,0.1026,0.03948,0.1095,0.08274,0.01208,0.1328,0.2232,0.02874,0.1056,0.04058,0.1087,0.06172,0.01087,0.1342,0.2271,0.02887
0.09161,0.03383,0.1194,0.0945,0.0153,0.1334,0.2096,0.02921,0.09935,0.03841,0.1104,0.08137,0.01244,0.1341,0.2156,0.02957,0.1008,0.03853,0.1095,0.08285,0.01194,0.1331,0.2249,0.02851,0.1063,0.0409,0.1082,0.06139,0.01099,0.1343,0.2325,0.02924
0.09256,0.03446,0.1172,0.0924,0.01565,0.1339,0.2259,0.02916,0.1055,0.04053,0.1107,0.08213,0.0123,0.1339,0.2153,0.02917,0.1025,0.03926,0.1094,0.08259,0.01215,0.133,0.224,0.02807,0.1021,0.03921,0.108,0.06124,0.01087,0.1345,0.2268,0.02962
0.09848,0.0363,0.1155,0.09006,0.01526,0.1337,0.2188,0.02884,0.1051,0.04131,0.1104,0.08167,0.01227,0.1338,0.2173,0.02946,0.1043,0.04074,0.1091,0.08227,0.01203,0.1328,0.228,0.02863,0.1055,0.04029,0.1083,0.062,0.01087,0.134,0.2216,0.02981
0.1032,0.04083,0.1138,0.08693,0.01485,0.133,0.2197,0.02885,0.1046,0.03988,0.1098,0.08068,0.01199,0.1337,0.2184,0.0292,0.105,0.04197,0.109,0.08198,0.01184,0.1326,0.2219,0.02869,0.1026,0.03959,0.1082,0.06157,0.01081,0.1346,0.2244,0.03003
0.1037,0.04163,0.1132,0.08565,0.01452,0.1331,0.2211,0.02953,0.1062,0.04218,0.1094,0.07982,0.01192,0.1332,0.2209,0.02937,0.1031,0.04178,0.1089,0.08176,0.01171,0.1325,0.2242,0.0291,0.1065,0.04119,0.1086,0.0616,0.01076,0.1342,0.2268,0.02901
0.1059,0.04154,0.1131,0.08505,0.01425,0.133,0.2205,0.0298,0.1064,0.04215,0.1089,0.07924,0.01183,0.1335,0.2218,0.03025,0.1031,0.0405,0.1083,0.08106,0.01162,0.1329,0.2291,0.03033,0.11,0.04263,0.1077,0.06081,0.0108,0.1339,0.233,0.02911
0.1047,0.04094,0.1142,0.08631,0.01407,0.1332,0.2237,0.02929,0.1068,0.04214,0.1099,0.0804,0.01199,0.1341,0.2219,0.0304,0.09726,0.03835,0.1098,0.08285,0.01184,0.1337,0.2309,0.02948,0.1097,0.04228,0.1076,0.06086,0.01076,0.1342,0.231,0.02966
0.1039,0.0417,0.113,0.08499,0.01404,0.1332,0.2258,0.02928,0.1034,0.04015,0.109,0.07913,0.012,0.1344,0.2281,0.02983,0.09879,0.03784,0.1094,0.08229,0.01189,0.1333,0.2258,0.02828,0.1062,0.04079,0.1078,0.06069,0.01086,0.1343,0.2256,0.029
0.102,0.03973,0.113,0.08516,0.01395,0.1339,0.2267,0.02964,0.1056,0.04076,0.1084,0.07801,0.01194,0.1344,0.2286,0.02965,0.09559,0.03673,0.1082,0.08122,0.01198,0.1332,0.2233,0.02831,0.1054,0.04162,0.107,0.06037,0.01083,0.134,0.2251,0.03015
0.1015,0.0389,0.1136,0.08516,0.0138,0.1338,0.2237,0.02981,0.1016,0.0391,0.1083,0.07808,0.01177,0.1341,0.2258,0.02944,0.1013,0.03968,0.1078,0.08132,0.01183,0.1332,0.2276,0.02848,0.1044,0.04077,0.1065,0.0599,0.01054,0.1342,0.2331,0.02981
0.1015,0.03877,0.1132,0.0854,0.01381,0.1341,0.2269,0.02973,0.1076,0.04249,0.1086,0.07881,0.01156,0.1339,0.2244,0.02962,0.1031,0.04033,0.1082,0.08165,0.01177,0.1331,0.2321,0.02946,0.1042,0.03959,0.1065,0.05971,0.01051,0.1341,0.2301,0.02893
0.09712,0.03774,0.114,0.08635,0.0138,0.134,0.2251,0.02963,0.1055,0.04185,0.1085,0.07828,0.0115,0.1337,0.2234,0.03002,0.1034,0.03987,0.108,0.08127,0.01158,0.1327,0.2336,0.02912,0.1045,0.03929,0.1067,0.05999,0.01045,0.1342,0.2302,0.02871
0.0998,0.03919,0.1133,0.08639,0.01379,0.1341,0.2263,0.0297,0.1053,0.04213,0.1082,0.07727,0.01149,0.1337,0.2251,0.03041,0.1035,0.04139,0.1084,0.08185,0.01148,0.1338,0.2372,0.02908,0.1041,0.0407,0.1074,0.06079,0.01047,0.134,0.2256,0.02881
0.1019,0.03972,0.1134,0.08658,0.01381,0.1337,0.2278,0.02975,0.1066,0.04217,0.1077,0.07676,0.01138,0.134,0.226,0.02983,0.1035,0.04141,0.1075,0.07995,0.01129,0.1334,0.2367,0.02902,0.1045,0.03967,0.1066,0.06001,0.01029,0.1337,0.2286,0.02955
0.103,0.03979,0.1133,0.08624,0.0138,0.1335,0.2299,0.03037,0.1066,0.04188,0.1079,0.0771,0.01139,0.134,0.2262,0.02942,0.1028,0.04057,0.1074,0.08001,0.01112,0.1328,0.2349,0.02915,0.1054,0.04007,0.1064,0.05967,0.01018,0.1339,0.2341,0.03005
0.09725,0.03799,0.1138,0.08757,0.01377,0.1336,0.2279,0.03049,0.1033,0.03967,0.108,0.07729,0.01142,0.134,0.224,0.02964,0.1075,0.04297,0.1072,0.0796,0.01098,0.1326,0.2373,0.02937,0.1084,0.0411,0.1063,0.05952,0.01016,0.1346,0.2432,0.02998
0.1015,0.03999,0.1129,0.08612,0.01371,0.133,0.2288,0.02991,0.1043,0.03994,0.1075,0.07703,0.01132,0.1342,0.2258,0.03002,0.1081,0.0434,0.1074,0.07971,0.01102,0.1331,0.2385,0.02922,0.1094,0.04277,0.1065,0.06013,0.01008,0.1343,0.2413,0.02962
0.09927,0.03835,0.1123,0.0849,0.01363,0.1332,0.2306,0.02994,0.1066,0.04168,0.1073,0.07703,0.0112,0.1341,0.2227,0.0299,0.1034,0.04179,0.1074,0.07975,0.01111,0.1326,0.2342,0.029,0.1064,0.04138,0.1065,0.06033,0.01005,0.1342,0.2452,0.02977
0.09908,0.03872,0.1127,0.08544,0.01364,0.1335,0.23,0.03046,0.1065,0.04257,0.1078,0.07766,0.0112,0.134,0.2288,0.02965,0.1049,0.04228,0.1076,0.0806,0.01106,0.1326,0.2325,0.0288,0.1064,0.04009,0.1067,0.0605,0.01003,0.1343,0.2452,0.02992
0.09571,0.03786,0.1136,0.08714,0.01359,0.1339,0.2273,0.03032,0.1036,0.04103,0.1077,0.07741,0.01131,0.1342,0.2324,0.0296,0.1065,0.04303,0.1072,0.08,0.0111,0.1328,0.2348,0.02923,0.1049,0.03948,0.107,0.061,0.01002,0.1344,0.244,0.03077
0.09514,0.03566,0.1138,0.087,0.01357,0.1346,0.2261,0.02972,0.1045,0.04092,0.1078,0.07762,0.01133,0.1346,0.2358,0.03004,0.104,0.04129,0.1076,0.08093,0.01096,0.1328,0.2323,0.02914,0.1048,0.03843,0.1065,0.06065,0.009981,0.1341,0.2415,0.03022
0.09028,0.03067,0.1156,0.08852,0.0136,0.1348,0.2214,0.02992,0.1052,0.04155,0.1076,0.07745,0.01137,0.1343,0.235,0.03082,0.1011,0.03975,0.107,0.08047,0.01101,0.1328,0.2348,0.0298,0.1072,0.04051,0.1065,0.06055,0.009939,0.1339,0.239,0.02956
0.1033,0.03999,0.1163,0.09089,0.01368,0.1334,0.2262,0.03007,0.1067,0.04084,0.1078,0.07822,0.01145,0.134,0.2378,0.03037,0.1039,0.03982,0.1079,0.08257,0.01105,0.133,0.231,0.02896,0.1064,0.04009,0.1066,0.06099,0.009871,0.134,0.2373,0.02989
0.1022,0.04023,0.1126,0.08666,0.01368,0.1336,0.2348,0.03005,0.1032,0.03974,0.1075,0.07764,0.0115,0.1337,0.2327,0.02952,0.1044,0.03998,0.1077,0.08217,0.01111,0.1326,0.2372,0.02915,0.1083,0.04081,0.1065,0.06053,0.009932,0.1337,0.2317,0.02987
0.1012,0.03996,0.1109,0.08289,0.01351,0.1337,0.2381,0.03033,0.1032,0.03985,0.1076,0.07809,0.01146,0.1338,0.2332,0.02945,0.1025,0.03863,0.1075,0.08216,0.01124,0.1326,0.2364,0.02936,0.1059,0.04161,0.1064,0.0605,0.009921,0.1339,0.2332,0.02989
0.1019,0.04056,0.1106,0.08199,0.01334,0.1335,0.2383,0.03071,0.106,0.03979,0.1077,0.07821,0.01135,0.1339,0.233,0.03001,0.1001,0.03678,0.1078,0.08232,0.01121,0.1333,0.2416,0.02933,0.1059,0.04133,0.1059,0.05997,0.009844,0.1341,0.2348,0.02995
0.1029,0.04087,0.11,0.08074,0.01322,0.1334,0.2396,0.03081,0.1068,0.04091,0.1075,0.07761,0.01109,0.134,0.2322,0.03052,0.09999,0.03401,0.1078,0.082,0.01127,0.1336,0.2437,0.02856,0.1057,0.04147,0.106,0.05986,0.009856,0.1339,0.2321,0.02958
0.1033,0.04119,0.111,0.08212,0.01309,0.1336,0.238,0.03073,0.11,0.0425,0.1075,0.0778,0.01098,0.1341,0.2278,0.03047,0.1048,0.03877,0.1071,0.0806,0.01124,0.1327,0.2393,0.02888,0.104,0.03914,0.1061,0.05962,0.009851,0.1345,0.2335,0.0305
0.1026,0.04117,0.1107,0.08238,0.01311,0.1337,0.2394,0.03088,0.1039,0.04018,0.1082,0.07884,0.01094,0.1342,0.2211,0.03017,0.09982,0.03893,0.1073,0.08142,0.01119,0.1329,0.2343,0.03003,0.1025,0.03954,0.1058,0.05958,0.009847,0.1344,0.2329,0.0305
0.1029,0.04115,0.1114,0.08316,0.01308,0.1337,0.2404,0.03067,0.1038,0.03965,0.109,0.07962,0.011,0.1343,0.2233,0.03035,0.1052,0.04307,0.1071,0.08064,0.01104,0.1326,0.2348,0.02984,0.09704,0.03644,0.1054,0.05938,0.009826,0.1347,0.2339,0.03043
0.1003,0.03999,0.1104,0.08201,0.0131,0.1336,0.2438,0.03092,0.1041,0.03863,0.109,0.08018,0.01104,0.1348,0.2241,0.03091,0.1045,0.04152,0.1064,0.07933,0.01083,0.1328,0.2395,0.02924,0.09972,0.03808,0.1055,0.0596,0.009775,0.1353,0.2384,0.0305
0.09978,0.04014,0.1099,0.08078,0.01304,0.1337,0.2435,0.03124,0.1007,0.03818,0.1089,0.08056,0.01099,0.1351,0.2329,0.03068,0.1086,0.04325,0.1063,0.07884,0.01072,0.1326,0.2397,0.02935,0.1028,0.03993,0.1059,0.06003,0.009822,0.135,0.245,0.03023
0.1002,0.04016,0.1109,0.08282,0.01296,0.1342,0.2397,0.03133,0.0963,0.03852,0.1096,0.08204,0.01104,0.1352,0.2333,0.03039,0.1087,0.04281,0.1071,0.08013,0.01071,0.1324,0.2385,0.02978,0.1015,0.03852,0.106,0.0605,0.009854,0.1347,0.2429,0.03024
0.09867,0.03979,0.1106,0.0821,0.01294,0.134,0.2402,0.0312,0.1029,0.03958,0.1092,0.08109,0.01105,0.1349,0.2266,0.03003,0.1051,0.04009,0.1083,0.0818,0.01078,0.1326,0.2316,0.02936,0.1093,0.04151,0.1057,0.05957,0.009801,0.1343,0.2444,0.03046
0.09919,0.0395,0.1101,0.08121,0.01297,0.1341,0.2449,0.03118,0.1027,0.04069,0.1081,0.07918,0.01107,0.1346,0.2289,0.02992,0.1065,0.04104,0.1077,0.08116,0.01094,0.1326,0.2331,0.02901,0.1027,0.03854,0.1054,0.05903,0.00974,0.1344,0.2494,0.03055
0.0969,0.03772,0.1103,0.08202,0.01292,0.1343,0.2467,0.03133,0.104,0.04174,0.1074,0.07784,0.01092,0.1346,0.2361,0.03026,0.1043,0.04202,0.1064,0.079,0.01082,0.1327,0.2347,0.02927,0.1064,0.0409,0.1053,0.05901,0.009789,0.1344,0.2492,0.03041
0.09731,0.03806,0.1104,0.0824,0.0129,0.1343,0.2444,0.03154,0.1047,0.04127,0.1072,0.07754,0.01084,0.1347,0.2392,0.03049,0.1027,0.04025,0.1062,0.07896,0.01061,0.1333,0.2357,0.02964,0.1063,0.04008,0.1053,0.05921,0.009702,0.1339,0.2357,0.03021
0.09778,0.03792,0.1109,0.08309,0.0129,0.1341,0.2414,0.03129,0.1029,0.03995,0.1071,0.07739,0.01089,0.1347,0.2432,0.03072,0.101,0.04017,0.1065,0.0793,0.01056,0.1336,0.2377,0.02992,0.1068,0.04071,0.1045,0.05843,0.009656,0.1339,0.2379,0.03028
0.09823,0.03973,0.1109,0.08316,0.01292,0.1339,0.2438,0.03103,0.1029,0.03957,0.1084,0.07965,0.01087,0.1343,0.2396,0.03064,0.09745,0.03815,0.1063,0.07916,0.01057,0.134,0.2381,0.03002,0.1011,0.0387,0.1038,0.05742,0.009574,0.1342,0.2424,0.03118
0.09917,0.03965,0.1102,0.08195,0.01299,0.1339,0.2476,0.03126,0.1026,0.03841,0.1096,0.08203,0.01096,0.1344,0.2326,0.03016,0.09748,0.03579,0.1062,0.07945,0.0106,0.1343,0.2457,0.03003,0.1082,0.04229,0.1036,0.05681,0.009566,0.1342,0.2441,0.03108
0.1004,0.03986,0.1098,0.08126,0.01291,0.1338,0.2483,0.03133,0.1022,0.0392,0.1096,0.08253,0.01096,0.1342,0.2308,0.03046,0.1019,0.03777,0.107,0.08099,0.01069,0.1345,0.2483,0.02962,0.106,0.04109,0.1034,0.0569,0.009616,0.134,0.2514,0.03067
0.09946,0.03953,0.1097,0.08118,0.01288,0.1339,0.2472,0.03151,0.1029,0.04008,0.1091,0.08148,0.01086,0.1342,0.2227,0.03091,0.09882,0.03838,0.1073,0.08149,0.01072,0.134,0.2441,0.02965,0.1041,0.04065,0.1034,0.05728,0.009587,0.1343,0.2558,0.03046
0.09794,0.0389,0.111,0.08286,0.01283,0.1342,0.242,0.03143,0.104,0.04103,0.1078,0.0787,0.01077,0.1341,0.2287,0.03088,0.1012,0.04003,0.1083,0.0825,0.0108,0.1332,0.2354,0.02962,0.1062,0.04051,0.1038,0.0575,0.009628,0.1347,0.2534,0.03108
0.09702,0.03888,0.1109,0.08324,0.01286,0.1343,0.2453,0.03123,0.1013,0.04,0.1083,0.07987,0.01078,0.1347,0.2262,0.03089,0.1024,0.04006,0.1071,0.08042,0.01081,0.1334,0.2438,0.02957,0.1069,0.04058,0.1041,0.05785,0.009587,0.1341,0.2404,0.03142
0.09628,0.03815,0.11,0.08155,0.0129,0.1344,0.2492,0.03114,0.09798,0.03748,0.1086,0.08013,0.01087,0.1351,0.2256,0.03097,0.09837,0.0387,0.1069,0.08024,0.01069,0.1339,0.2433,0.02996,0.1042,0.0394,0.1041,0.05775,0.009595,0.1342,0.2369,0.03014
0.09886,0.03808,0.1099,0.08094,0.01286,0.1344,0.2498,0.03131,0.09794,0.03654,0.1096,0.08186,0.01096,0.1347,0.225,0.03119,0.1026,0.04064,0.1062,0.07867,0.01067,0.133,0.243,0.03004,0.1024,0.03932,0.1048,0.05831,0.009505,0.1348,0.243,0.03045
0.09864,0.03871,0.1104,0.08182,0.01281,0.1342,0.2471,0.03146,0.1045,0.04074,0.1086,0.08008,0.01092,0.1341,0.2296,0.0304,0.1008,0.04003,0.1051,0.07723,0.01054,0.133,0.2462,0.03031,0.1057,0.04081,0.1043,0.05776,0.00952,0.1347,0.2451,0.03117
0.09914,0.03872,0.1114,0.08304,0.01279,0.134,0.2455,0.03166,0.101,0.04033,0.107,0.07706,0.01078,0.1342,0.2405,0.03034,0.1037,0.0409,0.1054,0.07801,0.01042,0.1329,0.2493,0.03032,0.1066,0.04186,0.1043,0.05766,0.009457,0.134,0.2466,0.0313
0.1005,0.04025,0.1104,0.08244,0.01284,0.1339,0.2496,0.03143,0.09944,0.0394,0.1073,0.07759,0.01069,0.1346,0.2366,0.03086,0.1031,0.04015,0.1059,0.07898,0.01046,0.1327,0.2458,0.0302,0.1019,0.04009,0.1039,0.05726,0.009427,0.1344,0.2564,0.03089
0.1005,0.04053,0.1091,0.07988,0.01286,0.1339,0.2529,0.03172,0.1008,0.03958,0.1074,0.07787,0.0107,0.1344,0.23,0.03072,0.102,0.03886,0.1058,0.0784,0.01046,0.133,0.2462,0.03018,0.1026,0.03953,0.1043,0.05744,0.009364,0.1345,0.2457,0.03061
0.0999,0.04026,0.1089,0.07947,0.01278,0.134,0.2531,0.03188,0.1007,0.03997,0.1075,0.0779,0.01071,0.134,0.2324,0.03068,0.1026,0.04017,0.1062,0.07869,0.01049,0.1332,0.2422,0.03058,0.105,0.04024,0.1037,0.05662,0.009327,0.1344,0.2474,0.03061
0.09927,0.0398,0.1087,0.07918,0.01274,0.1341,0.2537,0.03209,0.1021,0.04137,0.1058,0.07467,0.01065,0.1343,0.2397,0.03091,0.1047,0.04175,0.1067,0.07968,0.01045,0.133,0.2454,0.03096,0.1022,0.03952,0.103,0.05534,0.009318,0.1344,0.2517,0.03107
0.09795,0.03872,0.1084,0.07857,0.01269,0.1344,0.2547,0.03213,0.1013,0.04097,0.1054,0.07394,0.01058,0.1345,0.243,0.03132,0.1034,0.04115,0.1063,0.0788,0.0105,0.133,0.2461,0.03057,0.1043,0.04034,0.1028,0.05504,0.009254,0.1343,0.2521,0.03131
0.09732,0.03864,0.1087,0.07945,0.01269,0.1345,0.2542,0.03207,0.09782,0.03885,0.1061,0.07573,0.0105,0.1351,0.2422,0.03161,0.1045,0.03984,0.1056,0.07812,0.01045,0.1332,0.2459,0.03032,0.1044,0.04002,0.1022,0.05418,0.009211,0.1342,0.254,0.03132
0.09843,0.03855,0.1093,0.08044,0.01269,0.1343,0.2517,0.03215,0.09836,0.03865,0.1069,0.07693,0.01052,0.1349,0.2332,0.03153,0.1034,0.04056,0.1054,0.07788,0.01032,0.1329,0.2438,0.03039,0.105,0.04073,0.1019,0.05372,0.009168,0.1343,0.2561,0.03146
0.0999,0.03982,0.1098,0.08184,0.01266,0.134,0.2506,0.03202,0.0995,0.03866,0.1078,0.07872,0.01056,0.1347,0.2319,0.03134,0.09976,0.03842,0.1061,0.07956,0.01037,0.1332,0.2379,0.03077,0.105,0.04026,0.1024,0.05434,0.009144,0.1344,0.2512,0.0314
0.09883,0.0394,0.1093,0.0808,0.01268,0.1339,0.253,0.03206,0.1005,0.03844,0.1095,0.08107,0.01067,0.1343,0.2357,0.03102,0.09961,0.03879,0.1067,0.08107,0.01047,0.134,0.2379,0.03039,0.1007,0.03907,0.1031,0.05545,0.009165,0.1345,0.2485,0.03134
0.09851,0.03964,0.1088,0.07965,0.01268,0.134,0.2545,0.03215,0.09705,0.03571,0.1091,0.08115,0.01069,0.1345,0.2377,0.03092,0.0978,0.03642,0.1063,0.08052,0.0104,0.1339,0.2437,0.03057,0.1035,0.03995,0.1027,0.05461,0.009166,0.1347,0.2507,0.03148
0.09772,0.03933,0.1088,0.07975,0.01266,0.1342,0.2553,0.0323,0.1018,0.03908,0.1063,0.07611,0.01064,0.1345,0.245,0.03095,0.1006,0.03636,0.1062,0.08033,0.0104,0.1338,0.2438,0.03034,0.1044,0.0403,0.1025,0.05414,0.009159,0.1346,0.2541,0.03159
0.09682,0.03898,0.1085,0.07909,0.01262,0.1343,0.2561,0.03231,0.1007,0.04013,0.1044,0.07133,0.0105,0.1344,0.242,0.03147,0.1022,0.03926,0.1058,0.07956,0.01038,0.1341,0.2479,0.03096,0.1037,0.04079,0.1023,0.05379,0.009148,0.1345,0.256,0.03162
0.09609,0.03806,0.1088,0.07979,0.01261,0.1345,0.2563,0.03242,0.1019,0.04114,0.1037,0.06944,0.01034,0.1342,0.2448,0.03144,0.1027,0.04013,0.1055,0.07841,0.0104,0.1336,0.2451,0.03045,0.103,0.04086,0.1022,0.05379,0.009136,0.1344,0.2556,0.03173
0.09594,0.03817,0.1093,0.0807,0.01259,0.1345,0.2534,0.03224,0.1032,0.04168,0.1033,0.0684,0.01026,0.1343,0.2492,0.03191,0.1007,0.04024,0.1057,0.07851,0.01042,0.1337,0.2498,0.03033,0.1032,0.04065,0.1024,0.05419,0.009142,0.1345,0.256,0.03173
0.09882,0.03915,0.1095,0.08066,0.0126,0.1342,0.2523,0.03212,0.103,0.04105,0.1039,0.07041,0.01022,0.1344,0.2504,0.03229,0.1014,0.04061,0.1057,0.07811,0.0104,0.1335,0.2493,0.03066,0.103,0.04009,0.1024,0.05438,0.009143,0.1346,0.2562,0.03179
0.09918,0.03935,0.109,0.07978,0.01262,0.1341,0.2547,0.0322,0.1022,0.04082,0.1042,0.07084,0.01023,0.1346,0.2475,0.03181,0.104,0.04035,0.1062,0.07913,0.01038,0.1335,0.2476,0.03132,0.1013,0.03863,0.1025,0.05457,0.009163,0.1348,0.2556,0.03153
0.09945,0.03995,0.1082,0.07829,0.01261,0.134,0.2589,0.03222,0.101,0.04104,0.1055,0.07385,0.01024,0.1348,0.2414,0.0318,0.1011,0.0396,0.1061,0.0794,0.01042,0.1332,0.2471,0.03024,0.1029,0.03873,0.1022,0.05403,0.009159,0.1347,0.2581,0.0315
0.09786,0.03912,0.1076,0.0771,0.01261,0.1342,0.2614,0.0325,0.09982,0.03962,0.106,0.07547,0.01026,0.1349,0.2401,0.03211,0.09864,0.03616,0.1066,0.08088,0.01035,0.1334,0.2438,0.0306,0.1015,0.03865,0.1021,0.05403,0.009156,0.1348,0.2592,0.03159
0.09797,0.03926,0.1075,0.07674,0.01258,0.1342,0.2634,0.03255,0.09891,0.03864,0.1067,0.0766,0.01029,0.1348,0.241,0.03226,0.1021,0.04082,0.1072,0.08176,0.01039,0.1334,0.2398,0.03115,0.1013,0.03925,0.1026,0.05472,0.009178,0.1346,0.2574,0.03143
0.09783,0.03865,0.1075,0.07696,0.01258,0.1344,0.2624,0.03263,0.09993,0.03824,0.108,0.07862,0.01033,0.1348,0.2394,0.032,0.09966,0.03967,0.1064,0.0801,0.01036,0.1339,0.2446,0.03082,0.1023,0.03993,0.1027,0.05464,0.009213,0.1345,0.2565,0.03114
0.09616,0.03826,0.1084,0.07918,0.01255,0.1346,0.2599,0.03264,0.1022,0.03992,0.1068,0.07663,0.01037,0.1344,0.2439,0.03166,0.1024,0.04095,0.105,0.07665,0.01029,0.1333,0.2472,0.03128,0.1013,0.04,0.1027,0.05463,0.00923,0.1347,0.2573,0.03117
0.09504,0.03807,0.1084,0.0791,0.01255,0.1345,0.258,0.0326,0.1042,0.04091,0.1048,0.07223,0.01032,0.1345,0.2495,0.03172,0.1012,0.03943,0.1055,0.07726,0.0102,0.1333,0.2444,0.03139,0.1019,0.03994,0.1022,0.05363,0.00921,0.1347,0.2596,0.03125
0.09466,0.03732,0.108,0.07805,0.01256,0.1345,0.2605,0.03264,0.1018,0.04055,0.1039,0.06982,0.01023,0.1345,0.2505,0.03198,0.1007,0.03825,0.1072,0.08028,0.01022,0.1339,0.2434,0.03099,0.1022,0.04011,0.1013,0.0523,0.009158,0.1347,0.2604,0.03137
0.09527,0.03759,0.1085,0.07965,0.01254,0.1345,0.2604,0.03282,0.1017,0.0416,0.1039,0.0697,0.01017,0.1344,0.2504,0.0319,0.1013,0.03816,0.1078,0.082,0.01029,0.1335,0.2421,0.03067,0.1006,0.03944,0.1007,0.05133,0.009105,0.1346,0.2606,0.03158
0.09703,0.03801,0.109,0.0803,0.01255,0.1345,0.2579,0.03285,0.1032,0.04117,0.105,0.07264,0.01017,0.1347,0.2478,0.03205,0.1018,0.03997,0.1068,0.08001,0.01036,0.1335,0.2483,0.03078,0.1019,0.04,0.101,0.05189,0.009085,0.1346,0.2617,0.03172
0.09751,0.03833,0.1088,0.07972,0.01253,0.1343,0.2603,0.0327,0.101,0.04132,0.1051,0.07311,0.0102,0.1347,0.2459,0.03196,0.102,0.04008,0.1049,0.07653,0.0103,0.1337,0.2554,0.03122,0.1025,0.04003,0.1012,0.05236,0.009075,0.1346,0.2608,0.03171
0.09312,0.03627,0.1092,0.07998,0.01253,0.1346,0.2587,0.03266,0.09947,0.03976,0.1047,0.0718,0.01021,0.135,0.2486,0.03229,0.1055,0.04173,0.1036,0.07348,0.01009,0.1333,0.257,0.03136,0.09982,0.03888,0.1016,0.053,0.009057,0.1348,0.2606,0.03187
0.09574,0.03795,0.1091,0.0796,0.01255,0.1346,0.26,0.03257,0.0973,0.03907,0.1048,0.07237,0.01018,0.1351,0.2477,0.0328,0.103,0.04169,0.1037,0.07358,0.01002,0.1331,0.2559,0.03157,0.1006,0.03927,0.1017,0.05315,0.00905,0.1349,0.2615,0.03214
0.09326,0.03703,0.1084,0.07876,0.01256,0.1347,0.2613,0.0326,0.09933,0.03934,0.1055,0.07356,0.01019,0.1348,0.2446,0.03259,0.1028,0.04059,0.1046,0.07626,0.009979,0.1333,0.2528,0.03148,0.1013,0.03958,0.1011,0.05208,0.009028,0.1348,0.2658,0.03228
0.09384,0.03789,0.1077,0.07719,0.01255,0.1346,0.2634,0.03262,0.1007,0.04015,0.1065,0.07537,0.01026,0.1345,0.2458,0.03228,0.1017,0.04063,0.1055,0.07819,0.009994,0.1333,0.2487,0.03153,0.1016,0.03975,0.1005,0.05078,0.009009,0.1348,0.2684,0.0323
0.09486,0.03835,0.108,0.07781,0.01253,0.1345,0.2619,0.03275,0.1025,0.04083,0.1047,0.07169,0.01027,0.1344,0.2493,0.03191,0.1039,0.04124,0.1053,0.07775,0.01007,0.1336,0.2522,0.03148,0.1014,0.0395,0.1003,0.05051,0.008996,0.1348,0.2698,0.03234
0.09532,0.03825,0.1077,0.07714,0.01251,0.1344,0.2631,0.03276,0.1024,0.04123,0.1036,0.06885,0.0102,0.1345,0.2538,0.03208,0.1013,0.03963,0.1048,0.07629,0.01011,0.1338,0.2546,0.03184,0.1005,0.03914,0.1007,0.05118,0.008989,0.1348,0.2645,0.03229
0.09313,0.03803,0.1076,0.07699,0.0125,0.1345,0.2643,0.03295,0.09999,0.03976,0.1034,0.06828,0.01014,0.1346,0.2524,0.03251,0.09949,0.03762,0.105,0.07764,0.01013,0.1338,0.248,0.03158,0.102,0.03996,0.1011,0.05184,0.009007,0.1347,0.2642,0.03223
0.0951,0.03825,0.1077,0.07732,0.01248,0.1345,0.2645,0.03306,0.09935,0.03952,0.1045,0.07138,0.01013,0.1347,0.2518,0.03235,0.09935,0.03819,0.1056,0.07879,0.01014,0.1336,0.2469,0.03134,0.09968,0.03884,0.1012,0.05205,0.009003,0.1349,0.2654,0.03231
0.09318,0.03742,0.1084,0.07908,0.01247,0.1348,0.261,0.03302,0.09879,0.03838,0.1051,0.07277,0.01015,0.1348,0.2472,0.03217,0.1016,0.03999,0.1063,0.07955,0.01014,0.1334,0.2486,0.03159,0.1002,0.03878,0.1012,0.05187,0.009007,0.1349,0.2656,0.03228
0.09303,0.03706,0.1096,0.08114,0.01248,0.1347,0.2573,0.03296,0.09771,0.03872,0.1041,0.07061,0.01014,0.135,0.2519,0.0324,0.1001,0.03907,0.1066,0.07995,0.0102,0.1335,0.2493,0.03113,0.1013,0.03928,0.1013,0.05203,0.009005,0.1349,0.2649,0.03235
0.0929,0.03671,0.1107,0.08285,0.0125,0.1346,0.2543,0.03267,0.0981,0.03898,0.1036,0.06911,0.01013,0.1352,0.2543,0.03274,0.0991,0.0386,0.1066,0.08067,0.01017,0.1337,0.2558,0.03138,0.09922,0.03865,0.1009,0.05164,0.009009,0.1348,0.2641,0.03216
0.09441,0.03741,0.1107,0.08316,0.01251,0.1345,0.2536,0.0325,0.09961,0.03904,0.1046,0.07155,0.01013,0.135,0.2506,0.03271,0.1006,0.04057,0.1051,0.07677,0.01015,0.1335,0.2577,0.0317,0.1009,0.03907,0.1005,0.05082,0.008989,0.1348,0.2648,0.03222
